131.0749,388.0984,48.35965,0.9997177,0.01470473,-0.01147417,-0.01471767,146.5665,339.2509,30.55583,-0.999863,-0.01202969,0.008491879,-0.007569232,149.9608,251.9449,79.7971,-0.999916,-0.001939354,0.01185208,0.004893513
-11.49,13.25,71.63,-54.56,81.03,6.3,41.58,3.75,18.4,-32.69,-8.07,-4.89,0.17,131.0739,388.0991,48.35869,0.999719,0.01469023,-0.01144762,-0.01467043,146.5661,339.251,30.55363,-0.9998621,-0.01208273,0.008471076,-0.007613897,149.9622,251.9456,79.7947,-0.9999155,-0.001928899,0.01188555,0.004916747
88.57,-0.8,-19.18,101.43,1.98,-49.42,41.21,3.8,19.89,-32.74,-9.27,-4.85,0.17,131.0746,388.0985,48.35893,0.9997178,0.01472224,-0.01147038,-0.01469728,146.5601,339.2387,30.56474,-0.9998674,-0.01175763,0.008750766,-0.007093582,149.961,251.945,79.79521,-0.9999161,-0.001938456,0.01184109,0.004890553
88.71,1.95,-9.56,96.73,-7.02,-21.62,40.97,3.81,20.55,-32.71,-9.81,-4.84,0.17,131.0756,388.0981,48.35986,0.999718,0.01471499,-0.01143352,-0.01472488,146.5603,339.2394,30.56539,-0.9998671,-0.01177735,0.008766013,-0.007102055,149.9614,251.9447,79.79607,-0.999916,-0.001928722,0.0118435,0.004899853
88.77,2.49,-7.69,94.21,-11.04,-7.67,40.78,3.82,20.86,-32.64,-10.05,-4.84,0.17,131.0737,388.099,48.35867,0.9997174,0.01474368,-0.01146648,-0.01471376,146.5655,339.2522,30.55387,-0.999863,-0.01203139,0.008467562,-0.007584284,149.962,251.9456,79.7962,-0.9999162,-0.001947512,0.01183519,0.004883968
88.77,2.59,-7.32,92.96,-12.72,-1.15,40.61,3.83,21,-32.55,-10.15,-4.83,0.17,131.0745,388.0981,48.36014,0.999718,0.01473083,-0.01144191,-0.0146999,146.5579,339.2397,30.61626,-0.9998759,-0.01064966,0.01009445,-0.005733185,149.9629,251.9449,79.79547,-0.999916,-0.001926538,0.01185079,0.004886948
88.75,2.61,-7.24,92.41,-13.41,1.78,40.46,3.84,21.08,-32.45,-10.21,-4.83,0.17,131.0751,388.0969,48.35959,0.9997194,0.01469388,-0.01139814,-0.0146814,146.5544,339.2266,30.62872,-0.9998788,-0.01036261,0.01038764,-0.005222489,149.9633,251.9446,79.79552,-0.9999157,-0.001939546,0.01187821,0.004891525
88.72,2.62,-7.23,92.24,-13.72,3.08,40.33,3.84,21.11,-32.34,-10.22,-4.81,0.17,131.0761,388.0991,48.36117,0.9997167,0.01476268,-0.01150254,-0.01471122,146.5675,339.2545,30.55448,-0.9998632,-0.01201494,0.008458205,-0.007603994,149.9632,251.9446,79.79797,-0.9999154,-0.001918782,0.0118906,0.004926536
88.69,2.62,-7.23,92.24,-13.86,3.66,40.18,3.83,21.14,-32.25,-10.24,-4.82,0.15,131.0723,388.0967,48.35997,0.9997187,0.01471974,-0.0114252,-0.01467935,146.5588,339.2379,30.5654,-0.9998678,-0.01174682,0.008740124,-0.007083223,149.9611,251.9442,79.79525,-0.9999164,-0.001924779,0.01183623,0.004862788
88.66,2.62,-7.22,92.3,-13.94,3.93,40.06,3.84,21.14,-32.14,-10.25,-4.82,0.17,131.0736,388.0976,48.3591,0.9997164,0.01476168,-0.01148847,-0.01474248,146.5592,339.2385,30.56505,-0.9998675,-0.01177635,0.008728791,-0.007079981,149.9623,251.9459,79.79475,-0.999916,-0.001941508,0.0118585,0.004865091
88.63,2.62,-7.23,92.4,-13.96,4.05,39.92,3.84,21.15,-32.04,-10.24,-4.82,0.17,131.0747,388.0987,48.35975,0.9997176,0.01473239,-0.01142991,-0.01473678,146.567,339.2524,30.55319,-0.999863,-0.01204961,0.008440904,-0.007592176,149.9622,251.9458,79.79526,-0.999916,-0.001946492,0.01184958,0.004882778
88.6,2.62,-7.22,92.52,-13.98,4.1,39.78,3.84,21.16,-31.92,-10.23,-4.81,0.17,131.0744,388.0968,48.36034,0.9997172,0.0147532,-0.01147448,-0.01470653,146.5669,339.2516,30.55417,-0.9998625,-0.01205759,0.008486137,-0.007590738,149.9615,251.9435,79.79688,-0.9999155,-0.00192881,0.01188717,0.004898101
88.57,2.62,-7.22,92.64,-13.99,4.12,39.66,3.85,21.16,-31.82,-10.24,-4.8,0.17,131.0749,388.0977,48.35957,0.9997159,0.01476821,-0.01150444,-0.01475328,146.5673,339.2515,30.55437,-0.9998625,-0.0120637,0.008452723,-0.007616398,149.9632,251.9456,79.79508,-0.9999161,-0.00192811,0.01185329,0.004876398
88.54,2.62,-7.23,92.76,-13.98,4.13,39.52,3.85,21.15,-31.72,-10.24,-4.8,0.17,131.0725,388.0973,48.35988,0.9997178,0.01474653,-0.01144132,-0.01470266,146.5646,339.2485,30.55283,-0.9998627,-0.01207313,0.008440204,-0.007592372,149.9628,251.9441,79.7961,-0.9999156,-0.001928752,0.01187973,0.00489122
88.51,2.62,-7.22,92.9,-13.98,4.14,39.38,3.85,21.15,-31.62,-10.24,-4.81,0.17,131.0747,388.0981,48.36059,0.9997178,0.01475086,-0.01144442,-0.01468627,146.5663,339.2519,30.55342,-0.999863,-0.01203937,0.008451689,-0.007583456,149.9617,251.946,79.79569,-0.9999154,-0.001942385,0.01188757,0.004916247
88.51,2.62,-7.23,92.96,-13.98,4.12,39.32,3.81,21.19,-31.55,-10.23,-4.88,0.17,131.0741,388.0967,48.36073,0.9997174,0.01476968,-0.01143924,-0.01470283,146.5658,339.2505,30.55367,-0.9998629,-0.01204445,0.008452062,-0.007594279,149.9615,251.9442,79.79605,-0.999916,-0.001928751,0.01185937,0.004884439
88.51,2.62,-7.25,92.97,-13.97,4.09,39.34,3.78,21.24,-31.55,-10.24,-4.97,0.17,131.074,388.0966,48.3606,0.9997156,0.01479375,-0.01149166,-0.01476681,146.5603,339.2371,30.56392,-0.9998677,-0.01175412,0.008736276,-0.007085446,149.9606,251.9436,79.79682,-0.9999158,-0.001949223,0.01186166,0.004910812
88.52,2.62,-7.25,92.96,-13.96,4.07,39.36,3.77,21.24,-31.54,-10.24,-5.01,0.17,131.0748,388.0977,48.35965,0.9997171,0.01476243,-0.0114459,-0.01472318,146.5683,339.2528,30.55438,-0.9998627,-0.01205432,0.008467285,-0.007597874,149.9631,251.9451,79.79626,-0.9999156,-0.001934278,0.01187251,0.004915745
88.52,2.62,-7.25,92.95,-13.97,4.06,39.38,3.75,21.28,-31.53,-10.24,-5.03,0.17,131.0733,388.0961,48.36075,0.9997165,0.01477313,-0.01146094,-0.01474806,146.5672,339.2522,30.55409,-0.9998627,-0.01204817,0.008489823,-0.007576308,149.9611,251.9433,79.79482,-0.999916,-0.00193811,0.01185243,0.004886249
88.53,2.61,-7.25,92.96,-13.97,4.07,39.39,3.75,21.29,-31.52,-10.25,-5.04,0.17,131.0731,388.0972,48.36066,0.9997163,0.01477713,-0.01149104,-0.01472951,146.5651,339.2513,30.55402,-0.9998634,-0.01200825,0.008495626,-0.007540943,149.9607,251.9446,79.79446,-0.999916,-0.001937908,0.01184886,0.004883211
88.54,2.62,-7.26,92.95,-13.97,4.05,39.4,3.76,21.28,-31.52,-10.25,-5.04,0.17,131.0608,388.0975,48.35601,0.9997168,0.0147595,-0.01149675,-0.01471062,146.5431,339.2585,30.5536,-0.9998565,-0.01213177,0.008652996,-0.00806449,149.9544,251.9453,79.79076,-0.9999164,-0.001939848,0.01181753,0.004880006
88.55,2.62,-7.25,92.95,-13.97,4.06,39.43,3.75,21.3,-31.51,-10.25,-5.05,0.17,131.0751,388.098,48.36116,0.9997168,0.01477416,-0.01145059,-0.01473753,146.5661,339.2519,30.55333,-0.9998626,-0.01206599,0.008453545,-0.00761498,149.9612,251.9434,79.7951,-0.9999155,-0.001928584,0.01188609,0.004908634
88.57,2.62,-7.25,92.94,-13.98,4.05,39.45,3.76,21.3,-31.51,-10.25,-5.05,0.17,131.0738,388.0971,48.36176,0.9997169,0.01477354,-0.01146219,-0.0147201,146.564,339.2498,30.55394,-0.9998626,-0.01206519,0.008471606,-0.007585061,149.9614,251.9444,79.79546,-0.9999156,-0.00192474,0.01187703,0.004907776
88.56,2.62,-7.29,92.93,-13.98,4.1,39.44,3.76,21.33,-31.52,-10.25,-5.01,0.17,131.0736,388.0963,48.36121,0.9997159,0.01478566,-0.01147178,-0.01476,146.5658,339.2504,30.55332,-0.999863,-0.01202348,0.008466304,-0.007607623,149.9603,251.9435,79.79601,-0.9999161,-0.001944617,0.01183476,0.004881693
88.56,2.61,-7.3,92.92,-13.96,4.13,39.41,3.75,21.35,-31.53,-10.25,-4.98,0.17,131.0733,388.0974,48.35964,0.9997177,0.01475339,-0.01144916,-0.0146929,146.5665,339.2488,30.55354,-0.9998623,-0.01208155,0.008456545,-0.007621983,149.9605,251.9445,79.79382,-0.9999164,-0.001926393,0.0118234,0.004863604
88.56,2.61,-7.3,92.91,-13.98,4.14,39.4,3.75,21.37,-31.53,-10.25,-4.98,0.17,131.0725,388.0987,48.36168,0.9997172,0.01476131,-0.01144574,-0.01472338,146.566,339.2531,30.55337,-0.9998627,-0.01205268,0.008468845,-0.007605759,149.9612,251.9453,79.79352,-0.9999154,-0.001931637,0.01189481,0.004911651
88.55,2.61,-7.3,92.9,-13.97,4.15,39.38,3.74,21.37,-31.53,-10.25,-4.97,0.17,131.0737,388.0979,48.36168,0.9997183,0.01477468,-0.01140036,-0.01466989,146.5659,339.2517,30.55424,-0.999863,-0.01203655,0.008468173,-0.007586309,149.9625,251.9436,79.79395,-0.9999156,-0.001937349,0.01188089,0.004897253
88.54,2.62,-7.3,92.91,-13.98,4.14,39.36,3.75,21.37,-31.53,-10.24,-4.96,0.17,131.0738,388.0978,48.35978,0.9997184,0.01472827,-0.01141901,-0.01469986,146.5669,339.2527,30.55267,-0.9998631,-0.01202542,0.008474899,-0.007575989,149.9599,251.9448,79.79318,-0.9999168,-0.001946268,0.01180383,0.00484301
88.53,2.61,-7.3,92.89,-13.98,4.15,39.35,3.76,21.37,-31.53,-10.24,-4.96,0.17,131.0728,388.0978,48.36098,0.9997171,0.01477354,-0.01141942,-0.0147369,146.5584,339.2389,30.56325,-0.9998676,-0.01176686,0.008716918,-0.007100448,149.9614,251.944,79.79357,-0.9999164,-0.001934794,0.01182927,0.004855838
88.52,2.62,-7.29,92.9,-13.98,4.15,39.34,3.76,21.36,-31.53,-10.24,-4.97,0.17,131.0729,388.0968,48.3611,0.999718,0.0147573,-0.0114227,-0.01469532,146.5646,339.2493,30.55251,-0.999862,-0.01207697,0.008474031,-0.007642225,149.9615,251.9431,79.79467,-0.9999158,-0.001937931,0.01186341,0.004898626
88.52,2.61,-7.3,92.88,-13.96,4.14,39.33,3.76,21.38,-31.53,-10.24,-4.97,0.17,131.0727,388.0974,48.36115,0.9997177,0.0147593,-0.01140991,-0.0147142,146.5651,339.2516,30.55356,-0.999863,-0.01202963,0.008452611,-0.007609085,149.9608,251.9428,79.79695,-0.999916,-0.001940118,0.01184848,0.004883588
88.52,2.62,-7.3,92.88,-13.97,4.15,39.33,3.75,21.37,-31.53,-10.24,-4.96,0.17,131.0717,388.0969,48.36198,0.9997168,0.01478231,-0.01144806,-0.01472982,146.559,339.2383,30.56315,-0.9998673,-0.01178236,0.008744614,-0.007096739,149.9612,251.9444,79.79459,-0.9999158,-0.001956931,0.01187027,0.00486814
88.52,2.62,-7.29,92.87,-13.98,4.15,39.33,3.76,21.36,-31.53,-10.26,-4.96,0.15,131.0733,388.0975,48.36132,0.9997185,0.01472462,-0.011416,-0.01469568,146.5656,339.25,30.55226,-0.9998625,-0.01207023,0.008455383,-0.00761687,149.9596,251.9446,79.79338,-0.9999167,-0.001952463,0.01180873,0.004844345
88.51,2.61,-7.29,92.86,-13.97,4.15,39.32,3.76,21.37,-31.53,-10.25,-4.96,0.17,131.0747,388.0979,48.36116,0.999716,0.01478588,-0.01148054,-0.01475203,146.5588,339.2385,30.56507,-0.9998676,-0.01176706,0.008743703,-0.007070079,149.9606,251.9447,79.79413,-0.9999163,-0.001937768,0.01183749,0.004870508
88.51,2.62,-7.3,92.86,-13.98,4.14,39.31,3.76,21.37,-31.52,-10.25,-4.97,0.17,131.0718,388.098,48.36065,0.9997165,0.01479624,-0.0114714,-0.01471295,146.5582,339.2387,30.56315,-0.9998677,-0.01175772,0.008719478,-0.007099495,149.9609,251.9455,79.79281,-0.9999163,-0.001944542,0.01183313,0.004866986
88.5,2.62,-7.3,92.85,-13.98,4.14,39.3,3.77,21.39,-31.53,-10.25,-4.98,0.15,131.0715,388.0969,48.36105,0.9997165,0.01479375,-0.01147035,-0.01471793,146.5597,339.2387,30.56419,-0.9998684,-0.01172786,0.008723738,-0.00705448,149.9606,251.9437,79.7931,-0.9999164,-0.001938159,0.01183265,0.004860868
88.5,2.62,-7.3,92.84,-13.97,4.15,39.28,3.76,21.39,-31.53,-10.24,-4.97,0.17,131.0715,388.098,48.36077,0.9997184,0.01475717,-0.01141942,-0.01466404,146.5645,339.2519,30.55198,-0.999863,-0.01204146,0.008447411,-0.007608993,149.9595,251.9451,79.79446,-0.9999163,-0.001942863,0.01184263,0.004859173
88.49,2.62,-7.3,92.83,-13.97,4.15,39.27,3.76,21.39,-31.53,-10.25,-4.97,0.17,131.0727,388.097,48.36109,0.9997171,0.01478636,-0.01145546,-0.01469622,146.5583,339.2369,30.56309,-0.9998675,-0.01177394,0.008722956,-0.007103654,149.9588,251.9431,79.79375,-0.999916,-0.001937567,0.01185257,0.004891082
88.49,2.62,-7.3,92.82,-13.97,4.15,39.28,3.76,21.37,-31.54,-10.26,-4.96,0.17,131.073,388.0973,48.36137,0.9997156,0.01479816,-0.01150121,-0.0147546,146.5589,339.2387,30.56337,-0.9998673,-0.01178591,0.00872727,-0.007101494,149.9611,251.9447,79.79303,-0.9999166,-0.001935689,0.01181528,0.004853506
88.48,2.61,-7.3,92.82,-13.95,4.16,39.28,3.75,21.36,-31.54,-10.13,-4.96,0.17,131.0736,388.0969,48.36122,0.9997174,0.01476446,-0.01142805,-0.01472329,146.5588,339.2375,30.56398,-0.9998679,-0.01173876,0.00872735,-0.007099287,149.9606,251.9439,79.7924,-0.9999161,-0.001951412,0.01185104,0.004872685
88.47,2.61,-7.31,92.81,-13.95,4.16,39.29,3.73,21.34,-31.39,-8.06,-4.91,0.17,131.0744,388.0982,48.3609,0.9997184,0.0147515,-0.01141513,-0.01467931,146.5641,339.2513,30.55117,-0.9998631,-0.012033,0.008451003,-0.00759787,149.9613,251.9441,79.79405,-0.9999158,-0.00193625,0.01186339,0.0048981
88.46,2.61,-7.3,92.8,-13.97,4.16,39.28,3.72,21.34,-31.35,-4.95,-4.82,0.17,131.0713,388.0989,48.36154,0.9997193,0.01474739,-0.01139322,-0.01463546,146.5638,339.2523,30.55256,-0.9998624,-0.01205392,0.008482804,-0.007615213,149.9594,251.9446,79.7958,-0.9999159,-0.001941399,0.01184769,0.004905852
88.46,2.61,-7.3,92.79,-13.97,4.17,39.29,3.7,21.33,-31.14,-1.59,-4.99,0.17,131.0706,388.0975,48.36098,0.9997174,0.01477156,-0.0114187,-0.01471993,146.5494,339.2254,30.62701,-0.9998788,-0.01037681,0.01036649,-0.005228095,149.9597,251.9433,79.79322,-0.9999162,-0.001945711,0.01183876,0.004879421
88.45,2.61,-7.3,92.79,-13.96,4.17,39.28,3.69,21.33,-31.11,2.17,-5.16,0.17,131.0729,388.0994,48.36045,0.9997174,0.01476933,-0.01145682,-0.01469787,146.5585,339.238,30.56204,-0.9998679,-0.01174874,0.00869587,-0.00711902,149.9594,251.9437,79.79451,-0.9999157,-0.001937967,0.01187394,0.004887208
88.44,2.61,-7.3,92.78,-13.97,4.16,39.28,3.69,21.31,-31.19,5.85,-5.3,0.17,131.0712,388.097,48.36169,0.999716,0.01482115,-0.01146025,-0.01473518,146.5495,339.256,30.55749,-0.9998571,-0.01212966,0.008624522,-0.008032351,149.9609,251.9442,79.79536,-0.9999154,-0.00192157,0.01189179,0.004922519
88.43,2.63,-7.3,92.79,-13.96,4.15,39.26,3.68,21.31,-31.26,9.23,-5.38,0.17,131.0708,388.0948,48.3632,0.9997168,0.01478733,-0.01147479,-0.01470584,146.5571,339.2364,30.56364,-0.9998679,-0.01174588,0.008717676,-0.007096659,149.9591,251.9429,79.79493,-0.9999163,-0.001933626,0.0118359,0.004868441
88.44,2.62,-7.31,92.79,-13.97,4.15,39.26,3.67,21.31,-31.13,9.47,-5.37,0.17,131.0724,388.0987,48.36367,0.9997184,0.01478113,-0.01141222,-0.01464485,146.5631,339.2517,30.55268,-0.999863,-0.01204361,0.008441916,-0.007598373,149.9596,251.9434,79.7943,-0.9999158,-0.001915659,0.01186007,0.004915908
88.44,2.63,-7.31,92.78,-13.97,4.15,39.26,3.67,21.31,-30.97,9.47,-5.37,0.15,131.0747,388.0993,48.36315,0.9997142,0.01482534,-0.01150887,-0.01481357,146.5598,339.2393,30.56389,-0.9998679,-0.01176691,0.008699779,-0.007093739,149.9596,251.9471,79.79204,-0.9999167,-0.001942875,0.01180718,0.004850447
88.44,2.62,-7.3,92.76,-13.98,4.15,39.25,3.67,21.33,-30.83,9.46,-5.38,0.17,131.0721,388.0972,48.36395,0.9997178,0.01480716,-0.01141384,-0.0146623,146.5641,339.25,30.55362,-0.9998623,-0.01206924,0.008469587,-0.00761255,149.9593,251.9447,79.79558,-0.9999162,-0.001941836,0.01182711,0.004896794
88.44,2.62,-7.31,92.77,-13.99,4.14,37.95,2.84,26.33,-31.25,14.63,-5.49,0.15,131.072,388.0968,48.36423,0.9997165,0.01479611,-0.01143993,-0.01473908,146.5492,339.2574,30.55919,-0.9998575,-0.01209244,0.008630667,-0.008025134,149.961,251.9433,79.79648,-0.9999157,-0.001917507,0.01187398,0.004899997
88.43,2.62,-7.31,92.75,-13.97,4.14,37.72,2.49,27.57,-31.22,15.87,-5.44,0.17,131.0731,388.0983,48.36409,0.9997169,0.0147948,-0.01142234,-0.01472236,146.5577,339.2371,30.56445,-0.999868,-0.01173681,0.008709957,-0.007095043,149.959,251.9458,79.79321,-0.9999167,-0.001952135,0.01181986,0.004817619
88.44,2.61,-7.3,92.75,-13.97,4.15,37.78,2.46,27.7,-31.08,15.93,-5.43,0.17,131.0718,388.0965,48.36321,0.999716,0.01481323,-0.01142331,-0.01476733,146.5644,339.2495,30.55119,-0.9998633,-0.01202525,0.008402206,-0.007631831,149.9611,251.9456,79.79171,-0.9999165,-0.001931324,0.01183177,0.004833607
88.44,2.63,-7.3,92.74,-13.97,4.16,37.86,2.44,27.77,-30.94,15.89,-5.42,0.15,131.076,388.0988,48.36291,0.9997177,0.01479066,-0.01139285,-0.01469917,146.5641,339.2503,30.55114,-0.9998631,-0.01203169,0.008406901,-0.007631394,149.9591,251.9464,79.79315,-0.999917,-0.001953205,0.01179219,0.004819044
88.43,2.62,-7.3,92.74,-13.98,4.16,37.94,2.44,27.82,-30.79,15.82,-5.42,0.15,131.0746,388.0978,48.3633,0.9997188,0.0147496,-0.01136166,-0.01469071,146.5641,339.2418,30.56396,-0.9998664,-0.01183026,0.008771585,-0.007087892,149.9583,251.9447,79.79218,-0.9999173,-0.001951152,0.01177959,0.004805444
88.42,2.61,-7.29,92.73,-13.97,4.16,38.02,2.44,27.87,-30.65,15.73,-5.42,0.17,131.076,388.0985,48.36446,0.9997168,0.01480253,-0.01140915,-0.01474096,146.559,339.2368,30.56269,-0.9998674,-0.01177505,0.00870781,-0.007116035,149.9609,251.9462,79.79467,-0.999916,-0.001933176,0.01185799,0.0048732
88.43,2.62,-7.31,92.73,-13.97,4.17,38.1,2.41,27.9,-30.5,15.64,-5.41,0.17,131.0763,388.0977,48.36399,0.9997182,0.01479186,-0.0113795,-0.01467714,146.5657,339.2506,30.55201,-0.9998626,-0.01207201,0.008422591,-0.007629356,149.9595,251.9459,79.79244,-0.9999169,-0.001951121,0.01179649,0.004836619
88.42,2.62,-7.3,92.73,-14.04,4.16,38.18,2.42,27.94,-30.37,15.53,-5.41,0.17,131.0746,388.0982,48.3633,0.9997174,0.01479168,-0.0114167,-0.01469606,146.559,339.2375,30.5633,-0.9998674,-0.01178376,0.00871113,-0.007107251,149.9603,251.9466,79.79244,-0.9999165,-0.001942127,0.01182409,0.004859192
88.41,2.6,-7.3,92.57,-19.12,4.32,38.23,2.44,27.91,-30.3,15.42,-5.4,0.17,131.051,388.0972,48.3765,0.9997287,0.0154003,-0.009904571,-0.01439812,146.5649,339.2494,30.55301,-0.9998631,-0.01205332,0.008416972,-0.007599224,149.9606,251.9454,79.79012,-0.9999164,-0.001938198,0.01183866,0.004852066
88.44,2.61,-7.3,92.22,-24.17,4.31,38.23,2.47,27.88,-30.31,15.3,-5.41,0.17,131.4091,387.4885,50.89528,0.9977355,0.06388086,-0.0008866042,-0.02103385,146.5523,339.2437,30.56753,-0.9998704,-0.01178962,0.00861075,-0.006793106,149.9588,251.9444,79.79404,-0.999917,-0.001946971,0.01179927,0.004804421
88.51,2.64,-7.28,91.82,-26.98,4.42,38.24,2.48,27.87,-30.32,15.2,-5.4,0.17,130.8371,387.2692,52.89651,0.9954309,0.09377895,0.01329549,0.01209104,146.542,339.231,30.63752,-0.9998816,-0.01046994,0.01020733,-0.004807648,149.9596,251.9454,79.79408,-0.9999168,-0.00193774,0.01181569,0.004820002
88.54,2.65,-7.27,91.52,-28.93,4.41,38.24,2.48,27.87,-30.34,15.06,-5.4,0.17,130.7046,387.2112,54.07566,0.9933404,0.1134863,0.01428913,0.01384589,146.5232,339.2391,30.64735,-0.9998764,-0.01059133,0.01039221,-0.005188668,149.9605,251.9437,79.79485,-0.9999163,-0.001951843,0.01183142,0.004878417
88.57,2.65,-7.28,91.11,-32.16,4.38,38.24,2.48,27.89,-30.37,14.91,-5.39,0.17,130.7157,386.7073,54.83735,0.9903831,0.1360382,0.0172263,0.01839219,146.5294,339.2517,30.58544,-0.9998656,-0.01199446,0.00873416,-0.006980788,149.9602,251.9455,79.7924,-0.9999171,-0.00195188,0.01179081,0.004797314
88.58,2.65,-7.3,90.66,-35.4,4.37,38.25,2.48,27.89,-30.41,14.73,-5.39,0.17,130.3299,387.0721,56.39676,0.9899104,0.1360133,0.02922527,0.02690151,146.52,339.2417,30.65436,-0.9998765,-0.01066397,0.01036375,-0.005106344,149.9598,251.9456,79.79344,-0.9999171,-0.001931482,0.01178126,0.004818799
88.58,2.63,-7.3,90.11,-40.68,4.32,38.26,2.47,27.91,-30.45,14.57,-5.37,0.2,130.6343,385.7003,57.73193,0.982429,0.1817873,0.02766438,0.03195951,146.5286,339.2676,30.59048,-0.9998599,-0.0124034,0.008492921,-0.007361701,149.9603,251.9454,79.79511,-0.999917,-0.001946278,0.01179933,0.004801001
87.8,2.47,-7.41,89.5,-46.49,4.3,38.27,2.48,27.92,-30.5,14.41,-5.36,0.15,130.5565,384.7319,59.85607,0.9727764,0.2275473,0.02760915,0.03414978,146.537,339.2571,30.66372,-0.9998766,-0.01112675,0.009861838,-0.005088801,149.9599,251.9452,79.79384,-0.9999172,-0.001935321,0.01178436,0.004810709
87.76,3.05,-7.25,88.95,-52.16,4.28,38.25,2.47,27.99,-30.5,14.34,-5.35,0.17,130.5891,383.533,61.9603,0.9612781,0.2690398,0.03495942,0.0483724,146.5223,339.2742,30.68159,-0.9998675,-0.01152906,0.009982339,-0.005695705,149.9595,251.9454,79.79288,-0.9999176,-0.001961016,0.01175939,0.004771393
87.75,3.25,-7.09,88.41,-57.56,4.29,38.23,2.47,28.02,-30.5,14.23,-5.35,0.17,130.9546,381.7849,63.94743,0.9446819,0.3242762,0.03209905,0.0372906,146.8845,339.6125,30.80964,-0.9999359,-0.00709634,0.007892123,0.003953664,149.9593,251.9441,79.79301,-0.9999171,-0.001958167,0.01178075,0.004802408
87.86,3.43,-6.89,88.07,-61.44,4.25,38.22,2.45,28.04,-30.49,14.08,-5.35,0.17,130.8605,380.1612,65.64,0.9286721,0.3669246,0.03459442,0.04168466,146.5383,339.3013,30.70476,-0.9998616,-0.01214155,0.01009261,-0.005264181,149.9599,251.9437,79.79255,-0.9999171,-0.001950924,0.011787,0.004812209
88.08,3.53,-6.74,88.06,-59.41,4.33,38.22,2.45,28.04,-30.48,13.92,-5.33,0.17,130.7455,379.0325,66.72584,0.9164897,0.396405,0.03349862,0.04228231,146.5287,339.3293,30.69723,-0.9998726,-0.01117695,0.01024888,-0.005008971,149.9595,251.9453,79.79345,-0.9999164,-0.001959478,0.01182722,0.004855905
88.27,3.55,-6.7,88.26,-55.16,4.39,38.21,2.45,28.06,-30.48,13.76,-5.33,0.17,130.8328,379.8775,65.98616,0.9247597,0.376916,0.03505852,0.03904692,146.5285,339.3293,30.69869,-0.9998736,-0.01114995,0.01020763,-0.004930756,149.9598,251.9441,79.79306,-0.9999166,-0.00194157,0.01182071,0.004854423
88.42,3.46,-6.86,88.57,-50,4.43,38.19,2.45,28.07,-30.48,13.59,-5.33,0.17,131.0161,381.2094,64.6091,0.9387696,0.3407007,0.0341318,0.03833735,146.8896,339.6463,30.83176,-0.9999362,-0.006913711,0.007827238,0.004313261,149.9599,251.9446,79.79333,-0.9999165,-0.001943015,0.01181519,0.004870317
88.5,3.38,-7.05,88.8,-45.39,4.49,38.17,2.45,28.08,-30.48,13.41,-5.32,0.17,130.561,382.9455,62.78954,0.9560118,0.2873752,0.0345354,0.04758533,146.9345,339.6721,30.82283,-0.9999428,-0.004835308,0.007324297,0.006113505,149.9601,251.9445,79.79257,-0.9999168,-0.001944656,0.01180287,0.004836585
88.4,3.22,-7.32,88.98,-41.85,4.52,38.17,2.44,28.08,-30.48,13.24,-5.32,0.17,130.4227,383.99,61.175,0.9652285,0.2570864,0.02993016,0.03667199,146.536,339.3027,30.70978,-0.9998648,-0.01200485,0.01004856,-0.005029493,149.9572,251.9445,79.79226,-0.999917,-0.001964601,0.01178472,0.004815511
88.25,3.17,-7.42,89.13,-39.17,4.52,38.15,2.44,28.1,-30.49,13.06,-5.32,0.17,130.4758,384.7066,60.01118,0.9720712,0.2302005,0.02961857,0.03475931,146.5365,339.3022,30.70746,-0.9998651,-0.0119783,0.01009736,-0.004949698,149.9597,251.9451,79.79389,-0.9999164,-0.001919038,0.01183432,0.004846269
88.06,3.15,-7.47,89.26,-36.63,4.54,38.15,2.44,28.1,-30.52,12.9,-5.31,0.17,130.5729,385.1801,59.02287,0.977365,0.2060784,0.03177227,0.03577605,146.5368,339.2981,30.70576,-0.9998667,-0.01185336,0.01010026,-0.004906652,149.9602,251.9454,79.79287,-0.9999169,-0.001942992,0.0117911,0.004849843
87.87,3.12,-7.48,89.42,-33.43,4.52,38.14,2.44,28.09,-30.53,12.71,-5.31,0.17,130.5446,385.6292,58.06398,0.9814311,0.1863429,0.03147997,0.0328391,146.537,339.2958,30.70311,-0.9998664,-0.01183434,0.0101445,-0.004919241,149.9598,251.9448,79.79317,-0.9999169,-0.001946252,0.01179312,0.004835956
87.67,3.09,-7.52,89.63,-28.51,4.31,38.14,2.44,28.11,-30.55,12.51,-5.31,0.17,130.6351,386.0978,56.7196,0.9862009,0.1604425,0.02909661,0.0286255,146.5402,339.295,30.69875,-0.9998685,-0.01167299,0.01016648,-0.00484605,149.9604,251.9459,79.79186,-0.9999164,-0.00194189,0.01182541,0.004849146
87.43,3.08,-7.48,89.88,-22.34,4.12,38.13,2.45,28.12,-30.58,12.32,-5.31,0.17,130.7468,387.3605,54.29984,0.9933285,0.1088004,0.02789127,0.02613601,146.5428,339.2927,30.69275,-0.9998671,-0.01167806,0.01020959,-0.005040349,149.961,251.9456,79.79295,-0.9999167,-0.001937656,0.01181406,0.004849242
87.18,3.09,-7.43,90.06,-18.24,4.15,38.12,2.44,28.12,-30.6,12.15,-5.3,0.17,130.739,387.6103,51.76674,0.9975232,0.06986167,0.008132825,0.0009010602,146.5474,339.2921,30.68386,-0.9998666,-0.01163028,0.01021618,-0.005215837,149.96,251.946,79.79461,-0.9999167,-0.001953836,0.01181182,0.004826635
87.08,3.16,-7.26,90.06,-13.18,4.29,38.11,2.44,28.13,-30.63,11.98,-5.3,0.17,131.17,388.064,48.71915,0.9995507,0.02511616,-0.008084135,-0.01422264,146.5337,339.2673,30.67338,-0.9998668,-0.01132591,0.01011058,-0.00598477,149.9604,251.9447,79.79406,-0.9999158,-0.001948383,0.01186338,0.004883884
87.03,3.19,-7.16,90.1,-7.32,4.24,38.1,2.45,28.13,-30.64,11.8,-5.29,0.17,131.2842,387.8981,45.87102,0.9992845,-0.02907969,-0.0136119,-0.01998895,146.5434,339.2617,30.66509,-0.9998645,-0.01117223,0.01022178,-0.006464258,149.9594,251.9457,79.79202,-0.9999169,-0.00195438,0.0118025,0.004810804
87.01,3.21,-7.09,90.28,-1.25,4.11,38.09,2.44,28.14,-30.66,11.62,-5.28,0.17,131.5781,387.6126,42.93142,0.9962145,-0.08125741,-0.02040672,-0.02318458,146.5439,339.3286,30.57268,-0.999906,-0.005191736,0.01144344,-0.005487907,149.9603,251.9468,79.79281,-0.9999163,-0.001949555,0.01183075,0.004871221
87,3.25,-6.96,90.42,3.44,3.83,38.09,2.45,28.12,-30.68,11.44,-5.29,0.17,131.8818,386.9509,40.2991,0.989888,-0.1374865,-0.02293726,-0.02632901,146.5865,339.3093,30.56559,-0.999893,-0.004494522,0.0119974,-0.007070419,149.9583,251.9462,79.79269,-0.999917,-0.001948771,0.01178443,0.004827135
87,3.3,-6.81,90.48,5.06,3.71,38.08,2.44,28.13,-30.69,11.27,-5.28,0.17,132.1402,386.3489,38.53978,0.9823718,-0.1841296,-0.01587846,-0.02810517,146.6429,339.288,30.48741,-0.9998721,-0.00547763,0.01087863,-0.01036038,149.9605,251.9468,79.79528,-0.9999163,-0.001938559,0.01184419,0.004862405
87,3.32,-6.74,90.48,5.38,3.69,38.07,2.44,28.12,-30.72,11.08,-5.28,0.17,132.4796,386.1744,37.88449,0.9809138,-0.1918669,-0.02019678,-0.02423268,146.6438,339.2654,30.54558,-0.9998697,-0.003947998,0.0127187,-0.009128098,149.9585,251.9465,79.79131,-0.9999164,-0.001943948,0.01183172,0.004856201
87,3.32,-6.72,90.48,5.55,3.68,38.06,2.45,28.14,-30.74,10.89,-5.28,0.17,132.4532,386.1268,37.76881,0.980373,-0.1944942,-0.02055986,-0.02486178,146.6462,339.2616,30.54259,-0.9998678,-0.003943224,0.01276514,-0.009277117,149.9596,251.945,79.79271,-0.9999161,-0.001957055,0.01184937,0.004856566
87,3.33,-6.72,90.46,5.68,3.68,38.05,2.44,28.14,-30.79,10.72,-5.26,0.17,132.4763,386.087,37.67256,0.9800339,-0.1961188,-0.02095364,-0.02513807,146.6488,339.2607,30.54204,-0.9998678,-0.00388111,0.01275507,-0.009311967,149.9602,251.9481,79.79267,-0.9999166,-0.001946452,0.01183119,0.004824803
87,3.32,-6.73,90.43,5.79,3.67,38.04,2.44,28.16,-30.8,10.55,-5.25,0.17,132.518,386.0596,37.59564,0.979687,-0.1978596,-0.02066772,-0.02525397,146.6495,339.2598,30.54032,-0.9998671,-0.003847464,0.01278664,-0.009354491,149.9589,251.9455,79.79489,-0.9999167,-0.001948931,0.01181316,0.004826718
87.01,3.33,-6.72,90.41,3.98,3.74,38.03,2.45,28.15,-30.82,10.38,-5.25,0.17,132.5197,386.0469,37.57467,0.9795891,-0.1983847,-0.02057227,-0.02500961,146.6617,339.2757,30.47713,-0.9998643,-0.005120466,0.01110986,-0.01103751,149.961,251.9466,79.79388,-0.9999164,-0.001942643,0.01182718,0.004864766
87.06,3.34,-6.71,90.3,-0.97,3.9,38,2.45,28.18,-30.83,10.19,-5.26,0.17,132.1853,386.3417,38.51113,0.9822189,-0.1847657,-0.0169083,-0.02867025,146.6411,339.2836,30.47882,-0.9998725,-0.005404918,0.01088759,-0.01035983,149.9597,251.9471,79.79314,-0.9999164,-0.001947717,0.01182514,0.004846742
87.13,3.35,-6.74,90.2,-7.6,4.1,38,2.45,28.17,-30.84,10.01,-5.25,0.17,131.906,386.9656,40.52972,0.9902582,-0.1342253,-0.02336216,-0.02875286,146.608,339.3134,30.48735,-0.9998968,-0.005744685,0.0102195,-0.008309691,149.9598,251.9457,79.79204,-0.9999166,-0.00195264,0.01182859,0.004819725
87.21,3.32,-6.82,90.19,-14.34,4.36,37.98,2.46,28.18,-30.85,9.86,-5.25,0.17,131.6585,387.6716,43.1894,0.9962596,-0.08050154,-0.0203789,-0.0238976,146.5564,339.3149,30.55434,-0.9999099,-0.005094204,0.01136623,-0.005004349,149.9618,251.9475,79.79408,-0.9999163,-0.001954382,0.01183917,0.004848471
87.24,3.24,-7.03,89.86,-21.56,4.49,37.98,2.46,28.18,-30.86,9.68,-5.26,0.17,131.2843,387.9384,46.26151,0.9994283,-0.02362469,-0.01648603,-0.01769785,146.5477,339.2571,30.65046,-0.9998667,-0.01096503,0.01033303,-0.006308947,149.9618,251.9474,79.79451,-0.9999165,-0.001940224,0.01181494,0.004866032
87.27,3.19,-7.21,89.36,-27.63,4.52,37.97,2.45,28.17,-30.89,9.52,-5.26,0.17,130.9313,388.0286,49.26631,0.9994227,0.0306984,-0.007637276,-0.0123956,146.5528,339.2585,30.65465,-0.9998763,-0.01097638,0.009930701,-0.005339134,149.9607,251.9469,79.79416,-0.9999166,-0.001944203,0.01182558,0.004844421
87.31,3.19,-7.27,88.88,-31.83,4.58,37.96,2.45,28.19,-30.9,9.36,-5.25,0.17,130.9591,387.5229,51.86101,0.9973392,0.07076308,0.01225899,0.01252429,146.5493,339.29,30.67228,-0.9998681,-0.01146176,0.01030266,-0.005144591,149.961,251.9482,79.79629,-0.9999161,-0.001932719,0.01185584,0.004862851
87.35,3.2,-7.29,88.52,-34.37,4.55,37.95,2.46,28.18,-30.91,9.19,-5.27,0.17,130.8821,387.4861,53.33155,0.9949522,0.09196293,0.02735867,0.02940206,146.5254,339.269,30.67317,-0.9998702,-0.01128269,0.01006905,-0.005551983,149.9599,251.9471,79.79481,-0.9999164,-0.001945398,0.01183275,0.004850041
87.38,3.2,-7.29,88.2,-36.81,4.52,37.95,2.45,28.19,-30.9,9.03,-5.25,0.17,130.5977,386.9689,54.728,0.9919245,0.1243531,0.01701615,0.01823407,146.542,339.2885,30.68059,-0.9998685,-0.01154205,0.01025032,-0.004993941,149.959,251.9463,79.79255,-0.9999163,-0.001962327,0.01183979,0.004857028
87.41,3.2,-7.3,87.87,-40.11,4.46,37.94,2.46,28.2,-30.91,8.87,-5.25,0.17,130.7006,386.9429,55.55136,0.9900855,0.1337418,0.02888636,0.03177199,146.5404,339.2887,30.68532,-0.9998691,-0.01149136,0.01029934,-0.004879246,149.9612,251.9468,79.79356,-0.9999156,-0.001926825,0.01188166,0.00489159
87.4,3.17,-7.34,87.7,-39.86,4.43,37.93,2.46,28.19,-30.92,8.72,-5.26,0.17,130.3241,386.7425,57.23135,0.9877945,0.1497845,0.03163021,0.02874677,146.5389,339.291,30.69109,-0.9998679,-0.01161073,0.01027558,-0.00487563,149.9608,251.948,79.79472,-0.9999164,-0.001937957,0.01183265,0.004842388
87.4,3.18,-7.31,87.66,-42.08,4.34,37.93,2.46,28.2,-30.92,8.58,-5.26,0.17,130.6121,385.2529,58.9185,0.9780421,0.2035881,0.02859083,0.03417638,146.5387,339.2955,30.69767,-0.9998667,-0.01172184,0.0102454,-0.00493052,149.9601,251.9483,79.79456,-0.9999165,-0.001942959,0.01181791,0.004856644
87.43,3.22,-7.24,87.56,-46.31,4.29,37.92,2.45,28.21,-30.94,8.43,-5.27,0.17,130.4355,384.2669,60.92956,0.9672172,0.2499508,0.02674653,0.03605592,146.5401,339.3022,30.70629,-0.9998641,-0.01195858,0.0101832,-0.005017026,149.9592,251.9478,79.79301,-0.9999166,-0.001941133,0.01181627,0.004856172
87.52,3.32,-7.08,87.43,-51.22,4.28,37.93,2.47,28.19,-30.95,8.28,-5.26,0.17,130.5034,382.7687,63.03131,0.9545705,0.2913474,0.03515727,0.05172923,146.9339,339.6829,30.8195,-0.9999396,-0.005167622,0.007610509,0.006034994,149.9588,251.9483,79.7936,-0.999917,-0.001951651,0.01178565,0.004818988
87.6,3.41,-6.84,87.29,-56.14,4.27,37.92,2.46,28.19,-30.95,8.12,-5.26,0.17,130.9491,381.0457,64.77693,0.9374261,0.3444414,0.03328858,0.03852848,146.8869,339.6461,30.8423,-0.9999349,-0.00721593,0.007839953,0.004112811,149.9595,251.9472,79.7948,-0.9999163,-0.001950577,0.01183388,0.004865945
87.71,3.51,-6.71,87.26,-59.61,4.22,37.92,2.45,28.22,-30.96,7.97,-5.25,0.17,130.784,379.384,66.4536,0.9203998,0.387352,0.03351939,0.04122129,146.538,339.3151,30.72934,-0.9998584,-0.01246157,0.01007693,-0.005144367,149.958,251.946,79.793,-0.9999166,-0.001945,0.01180894,0.004868838
87.83,3.54,-6.68,87.36,-59.92,4.22,37.92,2.45,28.22,-30.98,7.84,-5.26,0.17,130.6827,378.3451,67.39188,0.9089898,0.4131339,0.03517374,0.04267181,146.5386,339.3193,30.73426,-0.999859,-0.01249681,0.009986509,-0.005112167,149.9612,251.9463,79.79565,-0.9999158,-0.001920259,0.01186004,0.004902992
87.94,3.55,-6.68,87.48,-60.09,4.21,37.91,2.45,28.24,-30.99,7.69,-5.25,0.17,130.8052,378.3405,67.51735,0.9087981,0.4131586,0.03684671,0.04503774,146.5488,339.3287,30.7451,-0.9998537,-0.01273808,0.01014841,-0.005224762,149.9586,251.9456,79.79475,-0.9999164,-0.001920939,0.01182911,0.00485274
88.05,3.54,-6.68,87.58,-60.21,4.22,37.91,2.46,28.23,-31.01,7.55,-5.24,0.17,130.8321,378.2905,67.59612,0.9078327,0.4154048,0.03528387,0.04509659,146.5399,339.3508,30.73458,-0.9998658,-0.01171373,0.01033368,-0.004944085,149.9585,251.9451,79.79696,-0.9999168,-0.001947154,0.01180148,0.004832936
88.14,3.54,-6.68,87.69,-60.32,4.22,37.92,2.45,28.21,-31.02,7.42,-5.24,0.17,130.6453,378.1454,67.5544,0.9071697,0.4171018,0.03469871,0.04318956,146.5432,339.3612,30.72543,-0.9998636,-0.01197108,0.01003354,-0.005364992,149.9586,251.9458,79.79519,-0.9999163,-0.001933949,0.01183496,0.004871216
88.23,3.54,-6.69,87.79,-60.4,4.22,37.91,2.45,28.23,-31.03,7.3,-5.25,0.17,130.8432,378.2162,67.64475,0.907368,0.4163363,0.03670797,0.04472194,146.5534,339.3406,30.73987,-0.9998505,-0.01309199,0.009785478,-0.005664875,149.9599,251.9448,79.79502,-0.9999164,-0.00193921,0.01182831,0.004857813
88.24,3.46,-6.8,87.9,-60.46,4.23,37.91,2.45,28.23,-31.04,7.14,-5.23,0.17,130.8592,378.1945,67.67072,0.9071153,0.4169062,0.03670587,0.04454223,146.5382,339.3527,30.74028,-0.9998652,-0.01180256,0.0103085,-0.004901408,149.9586,251.9454,79.79465,-0.9999164,-0.001932151,0.01182942,0.004862783
88.23,3.44,-6.84,88.01,-60.53,4.23,37.91,2.45,28.23,-31.05,7.01,-5.25,0.17,130.8485,378.1667,67.70491,0.9066579,0.4178304,0.03681466,0.04510131,146.547,339.3542,30.78629,-0.9998342,-0.01364483,0.01049567,-0.005940023,149.9595,251.9466,79.79472,-0.999916,-0.001939928,0.0118541,0.004876401
88.21,3.43,-6.85,88.1,-60.69,4.23,37.9,2.45,28.22,-31.07,6.87,-5.25,0.17,130.8508,378.1075,67.72761,0.9061369,0.4191743,0.03612987,0.04362949,146.5535,339.3442,30.7459,-0.9998497,-0.01314856,0.009796384,-0.005637264,149.9584,251.9467,79.79322,-0.9999164,-0.001960241,0.01182482,0.004871398
88.22,3.42,-6.85,88.01,-62.88,4.2,37.89,2.46,28.22,-31.07,6.75,-5.25,0.17,130.8487,378.0894,67.72357,0.9059513,0.419609,0.03619729,0.04324724,146.5557,339.3447,30.74838,-0.9998496,-0.01317774,0.009821575,-0.005551611,149.961,251.9468,79.79505,-0.9999164,-0.001921379,0.01183578,0.004864744
88.21,3.44,-6.86,87.97,-63.87,4.17,37.89,2.45,28.23,-31.08,6.63,-5.25,0.15,130.866,378.059,67.82689,0.9055882,0.4205032,0.03577641,0.04251194,146.5644,339.3437,30.7597,-0.9998477,-0.01328342,0.009865782,-0.005550637,149.959,251.9461,79.79533,-0.9999164,-0.001944736,0.01182888,0.004865473
88.2,3.44,-6.86,87.95,-64.33,4.16,37.89,2.45,28.23,-31.1,6.5,-5.25,0.17,130.8628,378.0477,67.83666,0.9054801,0.4207235,0.03580266,0.04261125,146.5598,339.3339,30.77448,-0.9998518,-0.01300031,0.01010605,-0.005046901,149.9606,251.9451,79.79643,-0.9999161,-0.001939313,0.0118352,0.004887226
88.19,3.44,-6.87,87.96,-63.98,4.17,37.88,2.45,28.24,-31.11,6.37,-5.24,0.17,130.8661,378.0412,67.84306,0.9053925,0.4209113,0.03585398,0.0425772,146.5726,339.3536,30.75867,-0.9998479,-0.01337024,0.009582549,-0.005789963,149.9596,251.9466,79.79634,-0.9999157,-0.00193497,0.01186799,0.004910927
88.21,3.48,-6.82,88.08,-60.42,4.28,37.87,2.45,28.24,-31.14,6.25,-5.25,0.17,130.8529,378.3134,67.60737,0.9080605,0.4149415,0.03535223,0.04472147,146.5652,339.3449,30.7641,-0.9998491,-0.01325017,0.009828639,-0.005453056,149.9594,251.9464,79.79471,-0.9999161,-0.001917338,0.01184843,0.004891579
88.22,3.43,-6.87,88.38,-55.54,4.37,37.88,2.44,28.24,-31.14,6.12,-5.26,0.17,130.9203,379.4984,66.39593,0.9209911,0.3858568,0.03561594,0.04026837,146.5667,339.3433,30.76052,-0.9998489,-0.01324893,0.009823986,-0.005508564,149.9611,251.9458,79.79571,-0.9999158,-0.001939209,0.01185511,0.004914048
88.18,3.36,-7.02,88.71,-50.64,4.43,37.88,2.45,28.24,-31.14,6,-5.26,0.17,130.9805,381.0855,64.80265,0.9371504,0.3449366,0.0367026,0.03769299,146.9167,339.6501,30.90168,-0.9999245,-0.008524614,0.007772536,0.004246888,149.9593,251.9471,79.79556,-0.9999159,-0.001949272,0.01185725,0.004884033
88.19,3.33,-7.12,89.02,-46.47,4.45,37.86,2.46,28.26,-31.14,5.89,-5.26,0.17,130.5501,382.7053,63.2192,0.9533461,0.295292,0.03733758,0.0503982,146.9612,339.6973,30.867,-0.9999347,-0.006291462,0.007483264,0.005922127,149.9603,251.9465,79.79449,-0.9999164,-0.001945527,0.01183608,0.004854467
88.11,3.25,-7.32,89.27,-43.22,4.47,37.86,2.46,28.26,-31.14,5.75,-5.26,0.17,130.4532,383.7267,61.817,0.9633294,0.262192,0.03594536,0.04427218,146.9708,339.7312,30.8393,-0.9999386,-0.004073913,0.007537499,0.007039791,149.9605,251.9473,79.79619,-0.9999163,-0.001938314,0.01183477,0.004865461
87.97,3.2,-7.4,89.47,-40.74,4.49,37.85,2.46,28.25,-31.15,5.63,-5.26,0.17,130.5172,384.394,60.63237,0.9696072,0.2398459,0.03182971,0.0363688,146.5605,339.3246,30.76308,-0.9998555,-0.01266682,0.01022077,-0.004909627,149.9598,251.9477,79.79518,-0.999916,-0.001941579,0.01184655,0.00488355
87.8,3.18,-7.42,89.66,-37.98,4.53,37.83,2.45,28.26,-31.16,5.53,-5.25,0.17,130.5988,384.8541,59.77544,0.9741185,0.2207784,0.03294481,0.03556494,146.5604,339.3217,30.76,-0.9998558,-0.01260956,0.01029596,-0.004849957,149.9612,251.9462,79.79215,-0.9999156,-0.001943269,0.01187694,0.00489596
87.63,3.18,-7.44,89.95,-33.78,4.51,37.82,2.46,28.26,-31.16,5.42,-5.25,0.17,130.606,385.3223,58.80426,0.9790171,0.198587,0.02994664,0.03452624,146.5608,339.321,30.75761,-0.9998581,-0.01246247,0.01025855,-0.004827334,149.9613,251.9472,79.79569,-0.9999157,-0.001925149,0.01187972,0.004881529
87.52,3.19,-7.41,90.19,-30.15,4.31,37.81,2.45,28.25,-31.18,5.32,-5.26,0.17,130.7368,386.0442,57.09079,0.9861246,0.1600898,0.02960566,0.0324517,146.5521,339.3094,30.74462,-0.9998637,-0.01215972,0.01012848,-0.004725699,149.9617,251.9468,79.79537,-0.9999159,-0.001940416,0.01186191,0.004881313
87.42,3.2,-7.34,90.41,-25.16,4.22,37.81,2.45,28.25,-31.19,5.2,-5.25,0.15,130.8177,387.3924,54.26712,0.9936368,0.1065069,0.02891218,0.02250294,146.5563,339.3059,30.73507,-0.9998628,-0.012121,0.01021644,-0.004807963,149.9605,251.9469,79.79531,-0.999917,-0.001960002,0.01178916,0.004834221
87.34,3.21,-7.28,90.54,-18.99,4.23,37.8,2.46,28.24,-31.21,5.08,-5.24,0.17,130.8033,387.7078,51.6432,0.9977502,0.06663539,0.006687597,-0.003129728,146.5585,339.3062,30.72807,-0.999862,-0.01208237,0.01024213,-0.00503266,149.9609,251.949,79.79539,-0.9999167,-0.001958127,0.0118104,0.004831351
87.27,3.21,-7.24,90.71,-11.95,4.14,37.8,2.45,28.24,-31.21,4.97,-5.25,0.17,131.0797,388.0522,48.5319,0.9997983,0.01448328,-0.004904068,-0.01302258,146.5653,339.2999,30.72045,-0.9998613,-0.01195645,0.01028841,-0.005364669,149.9618,251.9484,79.79424,-0.9999161,-0.001945636,0.01185673,0.004866671
87.17,3.23,-7.14,90.86,-5.28,4.01,37.8,2.45,28.23,-31.21,4.86,-5.25,0.17,131.3195,387.8087,45.45671,0.9989298,-0.03830234,-0.01543732,-0.02083302,146.5449,339.3683,30.61642,-0.9999132,-0.005843072,0.01122292,-0.003687685,149.9615,251.9488,79.79545,-0.9999163,-0.001938621,0.01183761,0.004866828
87.07,3.25,-7.05,91.1,1.09,3.83,37.79,2.46,28.22,-31.21,4.76,-5.25,0.17,131.678,387.4705,42.5113,0.9952108,-0.09259678,-0.01979221,-0.02428264,146.5807,339.3465,30.61135,-0.9999025,-0.00537331,0.01174423,-0.00530163,149.9598,251.9492,79.79419,-0.9999169,-0.001962824,0.01179432,0.004826619
87,3.3,-6.91,91.26,5.41,3.49,37.79,2.45,28.23,-31.22,4.66,-5.24,0.17,132.0283,386.843,40.10094,0.9872518,-0.1567847,-0.01223355,-0.02455162,146.6372,339.3261,30.60325,-0.9998827,-0.004783314,0.01258056,-0.007310382,149.961,251.9487,79.79379,-0.9999164,-0.001956393,0.01182172,0.004874899
86.96,3.37,-6.71,91.33,6.4,3.44,37.78,2.46,28.23,-31.23,4.55,-5.24,0.17,132.2608,386.2502,38.42298,0.9810156,-0.1911079,-0.01613702,-0.02873778,146.6842,339.3034,30.59367,-0.9998752,-0.004215478,0.012858,-0.00815584,149.9611,251.9498,79.79546,-0.9999166,-0.001951448,0.01181543,0.004853233
86.99,3.41,-6.6,91.38,6.68,3.44,37.77,2.47,28.25,-31.24,4.46,-5.25,0.17,132.5223,386.1436,37.99803,0.98093,-0.1916104,-0.02009019,-0.02565653,146.6902,339.2977,30.58988,-0.9998726,-0.00405196,0.01293974,-0.008420892,149.9618,251.949,79.79499,-0.9999168,-0.001956342,0.01180425,0.004838888
87.01,3.42,-6.57,91.4,6.85,3.42,37.76,2.46,28.26,-31.25,4.35,-5.25,0.15,132.5518,386.1082,37.90172,0.9805205,-0.1935519,-0.02093554,-0.02605743,146.6756,339.2796,30.58453,-0.9998727,-0.00384106,0.0127587,-0.008782107,149.962,251.9466,79.79646,-0.9999164,-0.001929834,0.01182992,0.004861517
87.03,3.42,-6.56,91.44,6.99,3.42,37.77,2.46,28.27,-31.26,4.26,-5.26,0.17,132.567,386.0768,37.83398,0.9803315,-0.1945067,-0.02064599,-0.02629019,146.6953,339.2961,30.58669,-0.9998711,-0.003998457,0.01295191,-0.008611533,149.9616,251.9497,79.79529,-0.9999162,-0.001922906,0.01184771,0.004856866
87.05,3.42,-6.55,91.47,7.08,3.42,37.76,2.45,28.27,-31.27,4.16,-5.25,0.15,132.5784,386.0669,37.80798,0.9802462,-0.1948668,-0.02072508,-0.02673717,146.696,339.2951,30.58496,-0.9998706,-0.003966275,0.01300215,-0.00861317,149.9606,251.9489,79.79554,-0.9999164,-0.001924103,0.01182912,0.004862129
87.06,3.42,-6.56,91.5,7.15,3.41,37.76,2.45,28.26,-31.28,4.06,-5.25,0.17,132.5417,386.0512,37.72807,0.979893,-0.1967649,-0.02052812,-0.02592557,146.6828,339.301,30.5853,-0.9998667,-0.003923505,0.01311425,-0.008914118,149.9616,251.9465,79.79661,-0.9999165,-0.001927702,0.01182746,0.004858781
87.07,3.42,-6.56,91.53,7.22,3.42,37.75,2.45,28.27,-31.3,3.98,-5.25,0.17,132.5748,386.0373,37.66428,0.9796253,-0.1980922,-0.01981962,-0.02647635,146.6977,339.2924,30.58374,-0.9998705,-0.003870968,0.01302152,-0.008634177,149.962,251.9471,79.79731,-0.9999167,-0.001924071,0.01181435,0.004848971
87.09,3.42,-6.56,91.56,7.27,3.42,37.74,2.46,28.28,-31.31,3.88,-5.24,0.17,132.5764,386.0355,37.64624,0.9795586,-0.198408,-0.01987217,-0.0265391,146.6792,339.2764,30.57717,-0.9998708,-0.003724498,0.01281808,-0.008961499,149.9608,251.9474,79.7964,-0.9999166,-0.001938871,0.01181826,0.00484481
87.09,3.4,-6.63,91.56,8.53,3.38,37.74,2.46,28.28,-31.32,3.8,-5.24,0.15,132.5752,386.028,37.63659,0.9795101,-0.198701,-0.01973606,-0.02623621,146.6804,339.2775,30.57674,-0.9998705,-0.003718206,0.01280815,-0.009003018,149.9601,251.9492,79.7958,-0.9999172,-0.001945124,0.01177471,0.004819167
87.14,3.39,-6.73,91.56,10.51,3.29,37.75,2.47,28.25,-31.33,3.71,-5.24,0.17,132.5689,386.0183,37.62019,0.9794471,-0.199065,-0.01980062,-0.02577968,146.6798,339.2756,30.57665,-0.9998701,-0.00368127,0.01284725,-0.009016154,149.9624,251.9484,79.79617,-0.999916,-0.001942587,0.01185505,0.004896096
87.96,3.33,-7.65,91.65,14.29,3.11,37.74,2.48,28.26,-31.34,3.61,-5.25,0.17,132.2835,385.9492,37.38711,0.9780538,-0.2053107,-0.0190021,-0.02995427,146.6492,339.2681,30.3687,-0.9998889,0.0006255353,0.012482,-0.008124906,149.9621,251.9481,79.79736,-0.9999164,-0.001948866,0.01183465,0.004849743
89.26,3.52,-6.66,91.74,18.71,2.81,37.74,2.47,28.25,-31.35,3.52,-5.23,0.15,133.091,385.7704,33.13137,0.9735489,-0.2251686,-0.02539403,-0.02927187,146.9414,338.7073,28.81633,-0.9994419,0.02847573,0.01744937,-0.0008347671,149.9629,251.9489,79.79742,-0.9999158,-0.001933134,0.01186259,0.004888125
90.79,3.71,-5.03,91.73,23.91,2.53,37.73,2.47,28.25,-31.37,3.43,-5.23,0.17,133.6872,385.0784,28.00166,0.9621477,-0.2683541,-0.02522945,-0.04026646,147.279,337.7972,26.82995,-0.9980765,0.05871789,0.01976883,0.002171751,149.9604,251.9499,79.79469,-0.9999163,-0.001953281,0.01183451,0.004846861
92.48,3.97,-2.78,91.68,29.71,2.44,37.72,2.48,28.25,-31.37,3.36,-5.24,0.17,134.8886,383.5894,21.51936,0.9492341,-0.3089128,-0.02302772,-0.05474851,147.4803,336.6021,24.38829,-0.9943411,0.1019489,0.02744931,0.01178337,149.9613,251.9489,79.79643,-0.9999163,-0.001956586,0.0118332,0.004866343
94.73,3.67,-0.99,91.6,35.97,2.34,37.73,2.47,28.25,-31.37,3.28,-5.24,0.15,137.9377,382.3723,15.35485,0.9374727,-0.3121156,-0.03572279,-0.1498427,147.6866,335.0151,22.23659,-0.9876541,0.154488,0.02305477,0.01188626,149.9635,251.9493,79.79745,-0.9999158,-0.001940576,0.01186397,0.004889464
97.23,3.87,3.07,91.55,42.07,2.32,37.71,2.48,28.26,-31.38,3.2,-5.24,0.17,138.3376,379.475,7.774626,0.9186921,-0.3629133,-0.0415717,-0.1502354,147.8528,333.1636,19.79499,-0.9785164,0.2048972,0.0184119,0.0135576,149.963,251.9484,79.79527,-0.9999155,-0.001930977,0.01189426,0.00488813
99.9,3.45,6.48,91.5,48.39,2.22,37.71,2.48,28.28,-31.39,3.13,-5.23,0.17,138.7047,376.149,0.7290416,0.898367,-0.4073442,-0.04133534,-0.1590561,147.584,330.9304,17.43715,-0.9675856,0.2504651,0.02595356,0.01928012,149.9629,251.9495,79.79672,-0.999916,-0.001946288,0.01185274,0.004883194
102.1,3.32,10.41,91.52,54.08,2.11,37.7,2.48,28.27,-31.4,3.05,-5.24,0.17,139.6121,372.2665,-5.453462,0.8793041,-0.437548,-0.06275873,-0.1773064,147.5856,328.6414,15.60553,-0.9531627,0.3007606,0.02079603,0.02431794,149.9632,251.9504,79.79487,-0.999916,-0.001937409,0.01185493,0.004876339
103.26,3.38,14.63,91.54,56.34,2.1,37.69,2.49,28.29,-31.41,3,-5.24,0.17,140.1797,367.7469,-11.13334,0.8564908,-0.4772116,-0.07217407,-0.1829852,147.6638,326.3479,14.11285,-0.9364498,0.3487314,0.0202295,0.0322358,149.9619,251.9504,79.79517,-0.9999158,-0.001941349,0.01186696,0.00487829
103.62,3.39,16.12,91.52,56.85,2.08,37.69,2.48,28.31,-31.42,2.93,-5.22,0.17,140.1855,366.1812,-12.82433,0.8489214,-0.4918146,-0.07465911,-0.1785415,147.7035,325.6719,13.67296,-0.9310516,0.3628137,0.01924294,0.03374596,149.9623,251.9499,79.7948,-0.999916,-0.001935119,0.01186174,0.004872417
103.1,3.65,17.84,91.47,54.31,2,37.69,2.48,28.29,-31.44,2.85,-5.23,0.17,140.1909,365.8197,-13.1666,0.8469387,-0.4951296,-0.07329522,-0.179358,147.6564,325.5534,13.4984,-0.930073,0.3652601,0.01820512,0.03489935,149.9622,251.9495,79.79549,-0.9999155,-0.001938624,0.01188897,0.004898275
101.36,4.29,18.24,91.5,48.65,2.11,37.69,2.48,28.29,-31.44,2.79,-5.23,0.17,140.4449,368.3253,-10.47749,0.8585462,-0.4738023,-0.06958576,-0.1832152,147.8018,326.5953,14.20886,-0.9391077,0.3416081,0.02015536,0.03121754,149.9634,251.9499,79.79507,-0.9999161,-0.001926269,0.01185486,0.004866798
98.86,4.58,16.26,91.59,41.81,2.27,37.68,2.47,28.3,-31.45,2.73,-5.23,0.17,140.2297,373.1258,-4.46783,0.8821648,-0.4280408,-0.06181451,-0.1864012,147.7609,328.9904,15.81424,-0.9554625,0.2929402,0.02270345,0.02760683,149.9615,251.949,79.79836,-0.9999161,-0.001942973,0.011843,0.004877309
96.23,4.49,12.62,91.68,34.65,2.49,37.67,2.48,28.31,-31.46,2.68,-5.23,0.17,138.9222,377.2335,2.707941,0.9041532,-0.3939076,-0.04119819,-0.1601456,147.7819,331.5802,18.05328,-0.9711108,0.2360062,0.02732292,0.0223218,149.962,251.9471,79.79597,-0.999916,-0.001938468,0.01185549,0.004860687
93.79,4.23,8.5,91.69,28.17,2.73,37.67,2.48,28.31,-31.47,2.6,-5.23,0.17,138.1712,380.8547,11.18097,0.9266565,-0.3413805,-0.04154213,-0.1517935,147.8283,334.0982,20.88666,-0.9828583,0.1826058,0.02217031,0.01237587,149.9637,251.9494,79.79645,-0.9999157,-0.001931506,0.01187311,0.004902853
91.9,4.15,4.42,91.64,22.55,2.99,37.66,2.48,28.32,-31.47,2.54,-5.23,0.15,134.8804,382.6335,18.28007,0.9410154,-0.333881,-0.01963902,-0.05126213,147.5336,335.9914,23.47496,-0.9914454,0.128792,0.0204198,0.005635068,149.963,251.9495,79.79624,-0.9999155,-0.001914842,0.01188609,0.00490866
90.55,3.97,0.97,91.62,18.36,3.35,37.67,2.47,28.3,-31.48,2.49,-5.23,0.17,133.3935,384.6022,25.11188,0.9569998,-0.2864533,-0.02622394,-0.03752816,147.138,337.4114,25.79758,-0.9966609,0.07840186,0.02268337,0.002377004,149.9618,251.9475,79.79615,-0.9999158,-0.001932738,0.01186306,0.004891465
89.64,3.67,-1.58,91.55,15.48,3.51,37.66,2.46,28.3,-31.49,2.42,-5.22,0.17,132.6766,385.346,30.08514,0.9659294,-0.2551641,-0.02397579,-0.03601273,146.8069,338.3933,27.6798,-0.9988323,0.04463124,0.01763815,-0.005575413,149.9614,251.9497,79.79627,-0.9999159,-0.001947989,0.01186058,0.00487234
88.89,3.38,-3.02,91.4,12.48,3.3,37.66,2.47,28.29,-31.49,2.36,-5.23,0.17,132.1583,385.7047,33.72303,0.9725614,-0.2296823,-0.02224973,-0.02958891,146.6343,338.9024,29.05535,-0.9995458,0.02475161,0.01497026,-0.008460918,149.961,251.9478,79.79712,-0.9999157,-0.001926012,0.01187616,0.004891144
87.52,3.72,-4.33,91.17,8.03,3.56,37.66,2.47,28.29,-31.5,2.3,-5.23,0.15,132.4249,385.879,37.60043,0.9789303,-0.2013573,-0.02022201,-0.02724002,146.674,339.2969,30.60852,-0.9998516,-0.004217821,0.0137701,-0.009458777,149.9618,251.9478,79.79762,-0.9999154,-0.001941656,0.01188629,0.004909785
85.14,3.5,-6.29,91.05,5.63,7.02,37.65,2.48,28.31,-31.51,2.26,-5.22,0.17,131.4332,385.7945,42.86386,0.9868942,-0.1575233,-0.02874141,-0.02000605,146.2019,340.0092,32.56791,-0.9991167,-0.0374142,0.007499305,-0.01760221,149.9617,251.9485,79.79581,-0.999916,-0.001939111,0.01185207,0.004868338
83.56,1.8,-7.05,90.61,-0.18,7.7,37.65,2.48,28.29,-31.52,2.21,-5.22,0.17,130.9838,386.1215,48.52525,0.9873393,-0.06583788,-0.01102406,-0.1438926,143.9276,341.1064,33.82852,-0.9968652,-0.06344336,-0.0002928189,-0.04727454,149.9626,251.9475,79.79722,-0.9999157,-0.001930234,0.01187422,0.004903516
82.38,0.95,-10.2,90.22,-5.23,8.03,37.64,2.48,28.29,-31.53,2.16,-5.21,0.17,129.7718,384.6882,56.10537,0.9897683,-0.02564883,0.00793424,-0.1401358,143.3314,341.6636,36.91727,-0.9917763,-0.1156445,-0.0003139457,-0.05482778,149.9633,251.9481,79.79671,-0.9999159,-0.001927738,0.0118705,0.004876712
82.36,0.58,-13.18,90.21,-5.29,8.06,37.63,2.48,28.29,-31.54,2.11,-5.22,0.17,129.1525,383.1165,61.63069,0.9913277,0.008543252,0.01551204,-0.1302142,142.9351,341.7704,39.24007,-0.9860587,-0.1550752,-0.003986789,-0.060202,149.9634,251.9482,79.79668,-0.9999157,-0.00192256,0.01187318,0.004889747
82.44,0.51,-13.79,90.2,-5.31,8.07,37.63,2.48,28.29,-31.54,2.07,-5.22,0.17,129.1359,383.1054,61.65774,0.9913402,0.008614168,0.01548392,-0.1301177,142.9199,341.785,39.24454,-0.9859739,-0.1553943,-0.004378946,-0.06073738,149.9623,251.9467,79.79492,-0.9999158,-0.001925087,0.01187207,0.004891388
82.53,0.48,-13.92,90.19,-5.33,8.08,37.62,2.47,28.3,-31.56,2.01,-5.22,0.17,129.1528,383.1313,61.68909,0.9912946,0.007662023,0.01641197,-0.1304113,142.9179,341.7901,39.23387,-0.9858597,-0.1559366,-0.004775499,-0.06116863,149.9627,251.9494,79.79699,-0.9999158,-0.001930814,0.01187253,0.004871884
82.64,0.47,-13.96,90.19,-5.32,8.07,37.61,2.48,28.28,-31.56,1.96,-5.22,0.17,129.0918,383.0883,61.72787,0.9912864,0.009016501,0.01520249,-0.1305331,142.9166,341.7909,39.24005,-0.9858598,-0.155958,-0.004756532,-0.06111411,149.9613,251.9465,79.79666,-0.9999158,-0.001931587,0.01185546,0.004902133
82.75,0.46,-13.97,90.17,-5.32,8.08,37.6,2.48,28.27,-31.57,1.92,-5.22,0.15,129.0905,383.0883,61.73355,0.9912759,0.009020335,0.01522991,-0.1306095,142.8617,341.8018,39.30247,-0.9863838,-0.1535345,-0.002735393,-0.05887936,149.9644,251.948,79.79893,-0.9999155,-0.001897304,0.01188657,0.004914461
84.36,0.7,-15.62,90.71,-0.11,7.42,37.59,2.48,28.29,-31.58,1.87,-5.21,0.15,129.1618,383.1115,61.64524,0.9913453,0.008380124,0.01528197,-0.1301181,142.9505,341.7711,39.25702,-0.9860445,-0.1551943,-0.00369943,-0.06014453,149.9617,251.9479,79.79642,-0.9999157,-0.001924169,0.01186832,0.004898165
85.98,1.07,-13.65,91.11,4.85,6.75,37.58,2.48,28.29,-31.58,1.81,-5.22,0.17,130.4232,385.0274,54.63367,0.9888527,-0.03406101,0.006778119,-0.1447904,143.7057,341.5179,36.19461,-0.9930625,-0.1059633,0.0008824613,-0.05097051,149.9621,251.9485,79.79587,-0.9999158,-0.001929755,0.01186104,0.004908369
87.38,1.54,-11.03,91.31,8.47,5.89,37.57,2.48,28.3,-31.6,1.77,-5.22,0.17,131.5577,386.1667,48.20717,0.9871795,-0.06828322,-0.01426122,-0.1435643,144.3627,340.9715,33.71124,-0.997039,-0.06362691,0.00252409,-0.04311325,149.9614,251.9473,79.79645,-0.9999155,-0.001926856,0.01188304,0.004911731
88.05,2.04,-9.19,91.46,11.05,5.87,37.58,2.48,28.3,-31.61,1.73,-5.23,0.17,128.6696,385.9235,41.64847,0.9844016,-0.1745538,-0.02193968,-0.001741942,144.8908,340.51,31.97284,-0.9990534,-0.02791931,0.008789381,-0.03217948,149.9629,251.9476,79.79503,-0.9999161,-0.001925742,0.01185009,0.004869093
88.74,2.33,-8.09,91.76,14.39,6.29,37.57,2.48,28.3,-31.62,1.69,-5.22,0.17,128.756,385.9739,38.2216,0.9805667,-0.1943442,-0.02645622,-0.004409596,144.9927,340.1676,30.6541,-0.9994816,-0.007397817,0.01043004,-0.02954846,149.9627,251.9493,79.79513,-0.9999161,-0.001916046,0.01185797,0.004872255
88.74,2.83,-5.98,92.15,17.1,7.95,37.55,2.48,28.3,-31.62,1.64,-5.22,0.17,128.2115,385.7574,33.89411,0.9734081,-0.2276196,-0.02500445,-0.006379662,144.8244,339.7747,28.93344,-0.9992349,0.01983388,0.0141748,-0.03058464,149.9613,251.9495,79.79727,-0.9999161,-0.001929685,0.01184979,0.004863772
89.48,0.44,-3.9,92.2,16.91,6.8,37.56,2.48,28.31,-31.64,1.61,-5.22,0.17,126.338,385.1385,30.41668,0.9676934,-0.250726,-0.02633899,-0.003489756,143.6692,339.8008,27.48903,-0.9981141,0.04249904,0.01544255,-0.04151652,149.9634,251.9473,79.79651,-0.9999158,-0.001941727,0.01187317,0.00488732
90.72,1.72,-5.23,92.1,19.54,4.95,37.55,2.47,28.32,-31.64,1.57,-5.22,0.17,128.2386,385.5344,31.18654,0.9687955,-0.246009,-0.02954097,-0.006494135,144.8488,339.4196,28.02773,-0.9986846,0.03734143,0.01948101,-0.02924404,149.9625,251.9482,79.79798,-0.9999157,-0.001936214,0.01187121,0.004891224
92.09,2.55,-4.45,92.25,25.17,4.77,37.55,2.49,28.32,-31.65,1.54,-5.22,0.17,130.7258,385.0538,27.33534,0.9611358,-0.2732842,-0.03085768,-0.02411704,145.8971,338.3662,26.62621,-0.9977179,0.06130432,0.02358278,-0.01564568,149.9625,251.9476,79.7953,-0.9999157,-0.001920234,0.01188308,0.00488998
93.74,2.65,-2.5,92.35,31.13,4.72,37.55,2.49,28.31,-31.65,1.5,-5.22,0.17,131.3982,383.6,20.17066,0.9469826,-0.3181196,-0.03637896,-0.02646812,146.2487,337.0471,23.95774,-0.9936449,0.1078849,0.0313067,-0.007106792,149.9622,251.9499,79.79697,-0.9999161,-0.001939132,0.0118422,0.004868477
96.1,2.66,0.47,92.44,37.52,4.54,37.55,2.49,28.3,-31.67,1.46,-5.22,0.17,134.8631,381.9837,13.43435,0.9351364,-0.3259478,-0.04180509,-0.1324027,146.3264,335.3263,21.55626,-0.9861082,0.1642561,0.02322602,-0.008439831,149.9625,251.9487,79.79697,-0.9999153,-0.001942482,0.01189624,0.004927896
98.56,2.67,4.19,92.58,43.87,4.49,37.55,2.49,28.3,-31.68,1.44,-5.21,0.15,135.6942,378.9703,5.816556,0.9144939,-0.3785325,-0.04869797,-0.1343229,146.604,333.3768,19.20078,-0.9760925,0.2162165,0.02192771,-0.003635903,149.9619,251.9495,79.79518,-0.9999156,-0.001933937,0.01188472,0.004883632
100.65,2.57,8.31,92.64,50.05,4.3,37.55,2.48,28.31,-31.7,1.4,-5.22,0.17,136.6963,375.6537,-0.819014,0.8985581,-0.4017351,-0.06632048,-0.1637185,146.4719,331.2588,16.84639,-0.9644424,0.2626108,0.02667333,0.01323057,149.9607,251.9504,79.79726,-0.9999161,-0.001944642,0.01184965,0.004876405
102.32,2.21,11.52,92.52,55.65,3.81,37.56,2.49,28.3,-31.7,1.38,-5.2,0.17,137.2701,371.1348,-7.406263,0.8744704,-0.4511386,-0.07323109,-0.1625197,146.6179,328.6135,15.00931,-0.9488965,0.3142752,0.02745074,0.008543099,149.9608,251.9489,79.79473,-0.9999165,-0.001944281,0.01183371,0.004835242
103.07,2.39,15.35,92.32,57.69,3.45,37.56,2.48,28.29,-31.72,1.35,-5.19,0.17,138.2616,366.704,-12.57548,0.8520273,-0.4893377,-0.08017625,-0.1678384,146.9372,326.4213,13.6221,-0.9321641,0.3607094,0.02338975,0.02029516,149.9621,251.9495,79.797,-0.9999163,-0.001959024,0.01183491,0.004858702
103.34,2.52,16.71,92.28,58.13,3.38,37.55,2.48,28.31,-31.73,1.32,-5.2,0.17,138.7504,365.2156,-14.06594,0.8441074,-0.5024855,-0.07920806,-0.1694615,147.1761,325.7166,13.3526,-0.9280761,0.3704883,0.02579868,0.02734276,149.963,251.9504,79.79431,-0.9999164,-0.001946289,0.01182839,0.00485115
103.48,2.53,17.1,92.25,58.39,3.35,37.55,2.48,28.31,-31.73,1.28,-5.2,0.15,138.8945,364.9294,-14.33595,0.8429879,-0.503466,-0.08229717,-0.1706479,147.2674,325.4335,13.13166,-0.9284505,0.3701395,0.01933626,0.02454912,149.963,251.9503,79.79554,-0.9999158,-0.00191539,0.01187029,0.004885972
103.57,2.54,17.24,92.23,58.57,3.32,37.53,2.47,28.33,-31.73,1.24,-5.2,0.15,138.9341,364.7375,-14.59435,0.8411994,-0.5065311,-0.08379747,-0.16967,147.2038,325.3863,13.08339,-0.9269931,0.3739859,0.01714434,0.02290079,149.9618,251.9511,79.7963,-0.999916,-0.001949385,0.01185687,0.004866162
103.66,2.55,17.33,92.22,58.69,3.32,37.52,2.49,28.32,-31.74,1.21,-5.21,0.17,139.0094,364.598,-14.69678,0.8408363,-0.5074384,-0.08283081,-0.169232,147.2241,325.3272,13.02186,-0.9265386,0.3750892,0.01621039,0.02390914,149.9629,251.9506,79.79653,-0.9999167,-0.001952081,0.01181364,0.004812036
103.73,2.55,17.38,92.19,58.79,3.29,37.51,2.49,28.33,-31.74,1.19,-5.21,0.15,138.9884,364.4598,-14.76978,0.8403298,-0.508807,-0.08019083,-0.1689103,147.2284,325.2659,13.0346,-0.9266503,0.3747771,0.01589857,0.02467055,149.9641,251.9514,79.7942,-0.9999163,-0.001964691,0.01184491,0.004841469
103.79,2.55,17.42,92.18,58.87,3.29,37.51,2.49,28.32,-31.74,1.16,-5.21,0.15,139.0382,364.3915,-14.85423,0.8399359,-0.5092108,-0.08105478,-0.1692403,147.2399,325.2326,13.02363,-0.9264166,0.3753108,0.01590039,0.02532495,149.9627,251.9508,79.79681,-0.9999157,-0.001948286,0.01187706,0.004896754
103.85,2.54,17.46,92.16,58.93,3.27,37.5,2.49,28.32,-31.75,1.13,-5.22,0.17,139.049,364.3467,-14.90902,0.8392085,-0.5099754,-0.08241644,-0.1698881,147.2457,325.1924,12.97772,-0.925709,0.3769606,0.01654622,0.02626425,149.9644,251.9499,79.79507,-0.9999159,-0.001948118,0.0118688,0.00486274
103.9,2.55,17.48,92.15,58.97,3.26,37.48,2.49,28.34,-31.75,1.1,-5.23,0.17,138.9598,364.2422,-14.76223,0.840352,-0.5120884,-0.07156646,-0.1626416,147.2847,325.2222,12.98134,-0.925424,0.3776258,0.01613423,0.02699616,149.9633,251.9513,79.79613,-0.9999162,-0.001944853,0.01184735,0.004859341
103.91,2.59,17.6,92.14,59.02,3.26,37.48,2.48,28.34,-31.75,1.08,-5.21,0.17,138.957,364.1822,-14.8056,0.8404286,-0.5118389,-0.0725213,-0.1626082,147.2906,325.1787,12.93367,-0.9246847,0.3793119,0.01690064,0.02819793,149.9624,251.9508,79.79556,-0.9999159,-0.001921057,0.01186062,0.004890702
103.89,2.59,17.63,92.13,59.06,3.26,37.47,2.48,28.32,-31.77,1.05,-5.22,0.15,138.9993,364.1372,-14.86723,0.8397728,-0.5129749,-0.07169782,-0.1627815,147.3195,325.1568,12.92556,-0.9245641,0.3796035,0.01710348,0.02810719,149.963,251.9519,79.79698,-0.9999161,-0.001927529,0.01184186,0.004883261
103.87,2.58,17.66,92.11,59.11,3.25,37.47,2.48,28.32,-31.77,1.03,-5.22,0.17,139.0057,364.111,-14.89258,0.8396468,-0.5132153,-0.07176065,-0.1626464,147.3339,325.1541,12.92856,-0.924466,0.3798626,0.01686739,0.0279745,149.9622,251.9498,79.79549,-0.999916,-0.001947313,0.01186564,0.00485537
103.84,2.59,17.68,92.11,59.13,3.25,37.46,2.48,28.3,-31.78,1,-5.22,0.17,139.0491,364.1105,-14.94587,0.8389691,-0.5141022,-0.07145545,-0.1634746,147.347,325.133,12.88485,-0.9246767,0.3794307,0.01597289,0.02739276,149.9644,251.9507,79.7933,-0.999916,-0.001932968,0.01186988,0.004859794
103.82,2.59,17.7,92.1,59.17,3.25,37.46,2.47,28.31,-31.79,0.98,-5.21,0.17,139.1418,364.1109,-15.20785,0.8370506,-0.513532,-0.0826036,-0.1697288,147.327,325.1302,12.91334,-0.9243598,0.3800945,0.0171176,0.02818158,149.9647,251.9519,79.7973,-0.9999163,-0.001957078,0.01184092,0.004850208
103.8,2.59,17.7,92.08,59.2,3.24,37.45,2.46,28.32,-31.8,0.95,-5.21,0.17,139.1692,364.0944,-15.24289,0.8368048,-0.5139033,-0.08251963,-0.169858,147.3768,325.1013,12.91455,-0.9241666,0.3806028,0.01741812,0.02746334,149.9633,251.9508,79.79286,-0.9999163,-0.001946063,0.01183551,0.004863119
103.76,2.6,17.71,92.08,59.23,3.23,37.43,2.47,28.32,-31.81,0.93,-5.21,0.17,139.1276,364.0472,-15.25416,0.8366116,-0.5146037,-0.08210845,-0.1688857,147.3959,325.0637,12.8691,-0.9249817,0.3788017,0.0147281,0.02648496,149.9624,251.952,79.79494,-0.9999165,-0.001936973,0.01182186,0.004848575
103.73,2.59,17.69,92.06,59.33,3.22,37.43,2.49,28.31,-31.81,0.89,-5.21,0.17,139.147,363.9944,-15.28367,0.8368425,-0.5139602,-0.0836163,-0.1689613,147.3799,325.088,12.90765,-0.9240708,0.3808353,0.01747245,0.02743165,149.9635,251.9516,79.79541,-0.9999164,-0.001939347,0.01183326,0.00485148
103.73,2.58,17.67,92.03,59.4,3.19,37.43,2.49,28.33,-31.82,0.87,-5.21,0.17,139.1512,363.9772,-15.30185,0.8367067,-0.5141876,-0.08366629,-0.1689172,147.381,325.0812,12.90615,-0.9240179,0.3809639,0.01741493,0.02746474,149.9633,251.9501,79.79752,-0.9999156,-0.001943121,0.01188408,0.004894255
103.73,2.58,17.69,92.05,59.44,3.21,37.42,2.5,28.33,-31.83,0.84,-5.22,0.17,139.1316,363.9351,-15.32768,0.8368289,-0.5138629,-0.08515642,-0.1685547,147.3913,325.0706,12.8449,-0.9245824,0.3797859,0.01499636,0.02617919,149.9643,251.9538,79.7968,-0.9999162,-0.001938949,0.01184451,0.004862122
103.73,2.59,17.69,92.05,59.47,3.21,37.41,2.49,28.33,-31.85,0.81,-5.21,0.17,139.1545,363.8984,-15.35144,0.837046,-0.5137789,-0.08592645,-0.1673378,147.3138,325.0515,12.82437,-0.9241011,0.3808711,0.01586044,0.02688852,149.9637,251.9504,79.79446,-0.9999161,-0.001950849,0.01184857,0.004868475
103.62,2.91,18.75,92.22,57.77,3.54,37.4,2.5,28.34,-31.86,0.78,-5.21,0.17,139.1628,363.879,-15.34772,0.8371022,-0.5140648,-0.08486201,-0.1667209,147.341,325.0493,12.81008,-0.9242118,0.3806815,0.01484179,0.02634449,149.9641,251.9515,79.79567,-0.999916,-0.001942178,0.01185519,0.004876114
102.22,3.34,19.62,92.22,52.2,3.86,37.39,2.5,28.34,-31.88,0.76,-5.21,0.17,138.7186,365.7515,-13.58582,0.8462915,-0.4991105,-0.08044542,-0.1679529,147.1017,325.9641,13.38612,-0.9294803,0.3673799,0.02368171,0.02318456,149.965,251.9525,79.7956,-0.9999159,-0.001936156,0.01185961,0.004881268
99.89,3.48,17.81,92.15,45.07,4.13,37.39,2.5,28.34,-31.89,0.75,-5.21,0.17,137.8774,370.672,-7.936138,0.8720595,-0.4542357,-0.07368442,-0.1665923,146.9379,328.302,14.86844,-0.9471306,0.3193664,0.02674667,0.01528141,149.9637,251.9514,79.79573,-0.9999163,-0.001945224,0.01183187,0.00486574
97.45,3.39,14.27,91.96,38.09,4.17,37.38,2.49,28.35,-31.89,0.72,-5.21,0.17,136.5076,375.5797,-0.5738124,0.896898,-0.414301,-0.05216205,-0.1456294,146.7268,331.3283,16.98559,-0.9654407,0.2587815,0.02713783,0.01483262,149.9649,251.9508,79.7961,-0.9999157,-0.001944278,0.01187565,0.004895472
95.09,3.32,10.48,91.82,31.16,4.43,37.38,2.47,28.33,-31.89,0.7,-5.22,0.17,136.0883,379.4488,7.290341,0.9185321,-0.3677974,-0.05100023,-0.1357312,146.9561,333.6785,19.69418,-0.9782081,0.2064023,0.02249871,-0.00100388,149.9649,251.9506,79.79733,-0.9999159,-0.001927385,0.01186735,0.004871897
93.17,3.29,6.33,91.6,25.06,4.5,37.37,2.48,28.34,-31.9,0.68,-5.23,0.17,132.3432,381.9246,14.94167,0.9341688,-0.354252,-0.03172576,-0.02877245,146.6026,335.7862,22.38457,-0.9885203,0.1491587,0.02312183,-0.006683168,149.9625,251.9512,79.79739,-0.9999165,-0.001951867,0.01182436,0.004844022
92.26,3.22,1.51,91.5,22.49,4.53,37.36,2.49,28.33,-31.9,0.66,-5.22,0.17,132.1408,383.8386,22.32766,0.9500304,-0.3084499,-0.02804168,-0.03891817,146.3042,337.402,24.76716,-0.9949713,0.09592475,0.02817213,-0.006084861,149.9641,251.9515,79.79604,-0.9999161,-0.001946598,0.01184673,0.004878328
92.24,2.52,0.03,91.35,21.9,3.78,37.35,2.49,28.33,-31.9,0.62,-5.21,0.17,131.9509,384.3438,24.83072,0.9556474,-0.2909157,-0.02757049,-0.03668794,146.241,337.8792,25.78489,-0.996386,0.08053195,0.02586237,-0.007790255,149.962,251.9506,79.79552,-0.9999169,-0.001945371,0.01179957,0.004824974
92.92,2.27,-1,90.09,22.42,-0.6,37.33,2.48,28.33,-31.91,0.59,-5.21,0.17,132.9462,384.6419,25.66143,0.9572467,-0.2851656,-0.03098849,-0.03740569,146.84,337.6323,26.11803,-0.9969233,0.07299374,0.02854725,0.0009178773,149.961,251.9509,79.79572,-0.999916,-0.001953126,0.01184505,0.004880434
93.34,3.87,-1.1,88.33,23.36,-4.83,37.33,2.49,28.32,-31.91,0.58,-5.21,0.17,138.9868,384.0255,25.39523,0.9568558,-0.2814116,-0.02684888,-0.06718382,149.2992,336.071,26.07407,-0.9960806,0.073406,0.02952777,0.03953592,149.9628,251.9503,79.79308,-0.9999161,-0.001945669,0.01185031,0.004863835
93.42,5.74,-0.58,85.94,23.91,-9.7,37.32,2.48,28.33,-31.91,0.56,-5.21,0.17,144.8428,382.779,24.29915,0.9520996,-0.28759,-0.009736433,-0.103458,151.5227,334.306,25.70915,-0.9932548,0.07994547,0.01876565,0.08186344,149.963,251.9497,79.79592,-0.9999161,-0.001946902,0.01185314,0.004871183
93.87,8.99,0.07,84.96,24.31,-12.24,37.3,2.48,28.34,-31.92,0.54,-5.21,0.15,154.6396,381.278,24.74707,0.9292089,-0.2431845,0.02550214,-0.2770957,154.1199,332.1641,25.36748,-0.9885029,0.08584268,0.01302597,0.1237883,149.9615,251.9507,79.79543,-0.9999164,-0.001961918,0.01181714,0.004875014
93.94,10.56,0.44,84.91,24.36,-12.38,37.3,2.49,28.35,-31.92,0.51,-5.21,0.15,157.7665,379.7919,24.02497,0.9298806,-0.2550538,-0.0001834937,-0.265084,155.2354,331.0696,25.31051,-0.9856565,0.08889046,0.01135711,0.1430061,149.9607,251.9507,79.7945,-0.9999166,-0.001941487,0.0118094,0.004868338
93.89,11.06,0.53,84.91,24.33,-12.29,37.28,2.48,28.36,-31.91,0.5,-5.21,0.17,157.8748,379.6433,23.99071,0.9289576,-0.2564124,0.001924832,-0.266996,155.2507,331.0329,25.34884,-0.9851222,0.08995231,0.01125005,0.1460013,149.9608,251.95,79.79646,-0.9999162,-0.001936825,0.0118385,0.004877853
92.84,11.93,0.79,85.65,23.58,-9.12,37.28,2.48,28.36,-31.91,0.48,-5.22,0.17,157.3818,380.3018,24.29636,0.9217972,-0.2437574,0.03126851,-0.2998241,155.2037,331.1478,25.28738,-0.9858656,0.08967771,0.0103521,0.1411376,149.961,251.9501,79.79555,-0.9999164,-0.001936458,0.01181644,0.004885246
91.65,11.15,0.29,86.91,22.36,-5.07,37.27,2.49,28.36,-31.92,0.47,-5.22,0.17,149.2505,381.5078,24.44309,0.944764,-0.3003227,0.02000977,-0.1297184,153.2323,332.8641,25.36167,-0.9900863,0.08267099,0.006176799,0.1133861,149.962,251.9492,79.79655,-0.999916,-0.001925759,0.01185179,0.004894718
90.66,9.49,-0.43,88.53,21.33,-0.24,37.27,2.48,28.38,-31.92,0.45,-5.22,0.17,143.6388,383.3223,25.37377,0.9554464,-0.2800411,-0.001514206,-0.09325775,150.8999,334.9389,25.63121,-0.9943078,0.07457172,0.005565152,0.07589629,149.9616,251.9483,79.7984,-0.9999162,-0.00193918,0.01183486,0.004877527
90.22,7.27,-1.28,90.23,21.37,4.51,37.25,2.49,28.38,-31.93,0.42,-5.22,0.17,137.1511,384.4282,26.38688,0.960111,-0.2745466,-0.01335214,-0.05131096,148.7107,336.6998,25.95381,-0.9973367,0.06770631,0.01292721,0.02383853,149.9625,251.9506,79.79578,-0.999916,-0.001932268,0.0118527,0.004890975
90.22,4.94,-1.57,91.98,22.36,8.96,37.25,2.49,28.39,-31.94,0.41,-5.22,0.17,130.5409,384.7015,25.84774,0.9587288,-0.2828461,-0.02119063,-0.01969858,145.7822,338.1099,25.80929,-0.9971892,0.07214646,0.0140885,-0.01449686,149.9628,251.9509,79.79654,-0.9999156,-0.001950096,0.01188121,0.004886114
90.34,2.69,-1.32,93.89,23.72,13.35,37.24,2.48,28.36,-31.94,0.37,-5.22,0.17,124.8706,384.0161,23.93512,0.9548964,-0.2956004,-0.02735264,0.006723605,142.9725,339.064,24.85127,-0.9952581,0.0809854,0.01971539,-0.05014187,149.9665,251.9519,79.7951,-0.9999154,-0.001925603,0.01190356,0.004896239
90.03,-0,-0.18,95.19,24.34,16.88,37.22,2.49,28.36,-31.95,0.35,-5.22,0.17,118.7938,382.9486,21.44895,0.9487388,-0.3102782,-0.0400776,0.04490135,140.092,339.3031,24.26522,-0.9913752,0.0983807,0.01642554,-0.08501039,149.9497,251.9288,79.8102,-0.9999187,-0.002011089,0.01170659,0.004650678
89.21,-2.1,0.72,95.53,23.78,19.38,37.22,2.49,28.35,-31.94,0.33,-5.21,0.17,114.1706,381.9637,20.36804,0.9439834,-0.3181344,-0.04592922,0.07467507,137.786,339.695,23.92032,-0.9878865,0.1056299,0.01629855,-0.1125027,149.9625,251.9528,79.79623,-0.999917,-0.001944393,0.01179079,0.004829539
89.24,-3.85,0.51,95.6,23.83,19.5,37.2,2.49,28.34,-31.95,0.31,-5.21,0.15,110.7427,381.3577,21.28011,0.9440588,-0.3123502,-0.04738534,0.09457812,135.7748,340.1445,24.09291,-0.9848742,0.09844805,0.007808456,-0.1423725,149.9643,251.9527,79.79675,-0.9999166,-0.00192696,0.01182351,0.004840883
89.26,-4.28,0.36,95.63,24.02,19.49,37.19,2.5,28.34,-31.95,0.29,-5.22,0.17,110.7275,381.3492,21.10891,0.9434207,-0.3139906,-0.04574732,0.09630451,135.7055,339.9083,24.37431,-0.9827357,0.1097255,-0.005916425,-0.1488489,149.9653,251.9521,79.7968,-0.999916,-0.001949583,0.01185282,0.004863986
89.52,-4.1,0.84,95.79,24.41,19.11,37.18,2.5,28.33,-31.95,0.27,-5.22,0.17,110.868,381.2673,20.72019,0.942513,-0.3167103,-0.04571623,0.09630109,135.8102,340.0322,23.95604,-0.9846766,0.1004813,0.00880265,-0.1422605,149.9655,251.9514,79.79813,-0.9999161,-0.001930236,0.01185491,0.004850254
89.41,-4.13,0.76,95.86,23.66,19.75,37.18,2.49,28.33,-31.95,0.26,-5.23,0.17,111.1975,381.3286,20.51387,0.9414687,-0.3209862,-0.04476092,0.09274129,136.0173,339.9602,23.98247,-0.984868,0.1019285,0.01119675,-0.1397149,149.9544,251.9298,79.81081,-0.9999178,-0.001988038,0.01176872,0.004697475
89.71,-4.85,0.43,95.85,24.51,18.9,37.17,2.49,28.34,-31.96,0.23,-5.22,0.17,110.4743,381.226,21.26088,0.9440519,-0.3112228,-0.05208048,0.09588688,135.724,340.1668,24.24018,-0.9847115,0.0996768,0.01305038,-0.1422588,149.9525,251.9266,79.81157,-0.9999181,-0.001993503,0.01174413,0.004676071
90.83,-4.84,1.38,95.53,23.44,16.02,37.16,2.5,28.35,-31.97,0.21,-5.22,0.17,112.1319,381.4968,20.25509,0.941231,-0.3231356,-0.04716615,0.08627314,136.5339,339.848,23.90937,-0.9853674,0.1052194,0.01248856,-0.1335071,149.9539,251.9292,79.81004,-0.9999179,-0.001995163,0.01176781,0.004690359
91.71,-3.6,1.13,94.86,21.02,13.02,37.15,2.49,28.35,-31.97,0.2,-5.22,0.17,116.3323,382.7312,22.16879,0.9479874,-0.3086099,-0.05146864,0.05857421,138.948,339.7589,24.97679,-0.9901187,0.09306896,0.02183436,-0.1025988,149.9675,251.9524,79.79789,-0.9999148,-0.001923283,0.01192312,0.004955983
91.8,-1.98,-0.05,94.15,17.34,11.45,37.16,2.5,28.35,-31.98,0.18,-5.21,0.17,120.3419,383.939,25.80871,0.9567795,-0.2844727,-0.05036373,0.03334355,140.9241,339.8068,26.51586,-0.9939893,0.07134973,0.03157708,-0.07679462,149.9673,251.953,79.79734,-0.9999152,-0.001926353,0.01191536,0.004894644
92.02,-0.88,-2.04,93.55,15.49,9.6,37.16,2.5,28.35,-31.98,0.16,-5.22,0.15,122.2383,384.8039,30.54904,0.9663529,-0.2519271,-0.0478363,0.02016189,141.834,340.3087,28.45659,-0.996546,0.0363952,0.02957796,-0.06853141,149.9689,251.9526,79.79723,-0.9999142,-0.001915845,0.01196395,0.004986398
90.35,1.23,-3.57,93.47,14.24,12.81,37.14,2.5,28.35,-31.98,0.15,-5.21,0.17,124.2491,385.1739,33.33435,0.9708606,-0.2356575,-0.04323984,0.005068245,142.8983,340.4067,29.34454,-0.9976277,0.02223296,0.0337422,-0.05573334,149.9685,251.9524,79.79612,-0.9999154,-0.001940708,0.01189394,0.004889591
88.32,-0.57,-3.08,92.63,11.31,15.46,37.14,2.5,28.34,-32,0.13,-5.21,0.17,119.1451,384.6959,34.10028,0.9716259,-0.2294958,-0.042348,0.03849087,140.257,341.1676,29.34616,-0.996199,0.02181559,0.02612843,-0.08018142,149.9687,251.9532,79.79772,-0.9999149,-0.001923049,0.01192706,0.004924728
86.03,-1.84,-5.07,91.81,10.26,18.81,37.14,2.51,28.35,-32,0.1,-5.21,0.17,115.2463,384.088,37.78453,0.9769151,-0.2005163,-0.03909292,0.06246465,138.1142,342.0544,30.62725,-0.9935206,-0.01353269,0.01044645,-0.1123596,149.9681,251.9524,79.7975,-0.9999149,-0.001927259,0.01192193,0.004928377
86.04,-3.58,-5.87,91.83,9.16,19.21,37.13,2.51,28.35,-32.01,0.09,-5.22,0.17,110.9715,383.319,39.07763,0.9761743,-0.1937534,-0.03245818,0.09214029,135.7102,342.6005,30.89857,-0.9900544,-0.02030347,-0.002205995,-0.1391948,149.954,251.9291,79.80812,-0.999918,-0.002013492,0.01174838,0.004685031
86.13,-4.18,-6.62,91.83,9.16,19.25,37.12,2.5,28.36,-32.02,0.09,-5.22,0.17,110.2588,383.1954,40.49843,0.9764467,-0.1877672,-0.02856482,0.1023687,135.4507,342.8882,31.43452,-0.9892631,-0.02812046,-0.003301792,-0.1433772,149.9544,251.9297,79.80882,-0.9999184,-0.002002363,0.01172167,0.004668219
86.26,-4.32,-7.93,92.39,12.13,19.26,37.1,2.49,28.38,-32.04,0.06,-5.22,0.17,110.2225,383.1932,40.50294,0.9763957,-0.1879602,-0.0286881,0.1024669,135.4411,342.8909,31.43698,-0.9892377,-0.02818674,-0.003303433,-0.143539,149.9542,251.9287,79.81055,-0.9999182,-0.002007657,0.01173458,0.004684672
87.57,-4.81,-6.13,93.12,13.2,17.72,37.09,2.5,28.38,-32.05,0.05,-5.22,0.17,110.5244,383.2005,36.31915,0.9722059,-0.21126,-0.03699895,0.0938931,135.5712,342.4352,29.86507,-0.9899354,-0.00207338,-5.605563e-05,-0.1415054,149.954,251.9302,79.80688,-0.9999185,-0.002006575,0.01172075,0.004665077
90.07,-4.57,-5.3,93.59,13.42,13.7,37.08,2.5,28.38,-32.06,0.03,-5.23,0.17,113.1094,383.6338,34.88061,0.971491,-0.2201902,-0.04204084,0.07716262,137.0082,341.9615,29.5019,-0.9920813,0.005672183,0.009887116,-0.1250795,149.9681,251.9525,79.79736,-0.9999157,-0.0019291,0.01186989,0.00490102
91.49,-2.66,-5.1,93.21,13.51,10.17,37.06,2.5,28.39,-32.08,0.02,-5.23,0.17,118.9004,384.62,35.0469,0.9732033,-0.2221843,-0.04394145,0.03973306,140.1669,341.1852,29.92828,-0.9956666,0.007119127,0.02804399,-0.08838007,149.966,251.9533,79.79535,-0.9999166,-0.001945621,0.01182416,0.004834461
92.28,-0.98,-5.18,92.49,13.66,7.26,37.06,2.51,28.37,-32.09,0.01,-5.22,0.17,123.6884,385.2442,35.40869,0.9740126,-0.2226369,-0.04040461,0.009994467,142.5519,340.7344,30.22149,-0.9977674,0.009249789,0.02931282,-0.05929038,149.9556,251.9302,79.80967,-0.9999182,-0.002014794,0.01173004,0.004679597
92.91,0.18,-5.21,91.24,13.91,3.7,37.06,2.49,28.36,-32.09,-0.01,-5.22,0.15,127.6924,385.4005,35.68217,0.9742917,-0.2220775,-0.03506382,-0.01441719,144.355,340.0703,30.21987,-0.9989247,0.008880141,0.02512917,-0.03793688,149.9536,251.9279,79.8089,-0.9999188,-0.00200605,0.01169689,0.004647253
93.9,1.82,-5.08,89.9,13.87,-0.91,37.05,2.51,28.35,-32.09,-0.02,-5.21,0.17,132.1762,385.6172,35.94667,0.9750741,-0.2179987,-0.02592822,-0.03217203,146.5218,338.9706,30.23896,-0.9996952,0.009820511,0.02107879,-0.008291403,149.9676,251.9523,79.79712,-0.9999157,-0.001935235,0.01188026,0.004894538
95.21,4.72,-6.07,89.4,17.74,-2.12,37.05,2.5,28.37,-32.1,-0.04,-5.22,0.17,138.4055,385.1278,36.17645,0.9747804,-0.2123019,-0.01583505,-0.06693701,149.3266,337.5875,30.29971,-0.9992628,0.005592088,0.02400192,0.02943929,149.9689,251.9524,79.7966,-0.9999152,-0.001916081,0.01190442,0.004923123
97.03,5.6,-4.63,88.64,21.92,-3.96,37.06,2.49,28.36,-32.1,-0.05,-5.21,0.15,140.2671,384.5233,30.9595,0.9663807,-0.2444494,-0.01657542,-0.07796318,149.652,336.567,28.11986,-0.9978372,0.03569675,0.02013245,0.05139508,149.9551,251.931,79.80814,-0.9999184,-0.002005432,0.01172489,0.004675825
98.84,6.41,-2.81,87.58,26.2,-5.84,37.06,2.48,28.35,-32.11,-0.06,-5.21,0.17,143.1027,383.3542,25.81771,0.9559224,-0.2775677,-0.01632286,-0.09435095,150.9101,334.9938,26.33087,-0.9947483,0.07199083,0.02231735,0.06924697,149.9547,251.9326,79.80867,-0.9999179,-0.002008274,0.01175714,0.004703987
99.84,6.82,-0.21,85.67,28.41,-9.26,37.07,2.49,28.34,-32.11,-0.08,-5.21,0.17,146.167,381.5279,20.47676,0.942823,-0.3155673,-0.00834493,-0.1069233,152.2021,333.1672,24.19743,-0.9903609,0.1064183,0.03023162,0.08334541,149.9537,251.9302,79.80743,-0.999918,-0.002013694,0.01174841,0.00469388
100.87,8.3,1.56,84.05,30.89,-11.45,37.06,2.5,28.34,-32.11,-0.09,-5.22,0.17,150.6825,379.7004,17.80786,0.9322633,-0.337101,0.00882181,-0.1310356,153.9738,331.145,23.36021,-0.9856266,0.1222717,0.03057915,0.1124938,149.9557,251.9304,79.80782,-0.9999186,-0.002004245,0.01170833,0.004669169
101.45,10.08,3.37,83.23,31.86,-12.47,37.06,2.49,28.36,-32.11,-0.09,-5.22,0.17,153.4648,377.8646,15.01739,0.9231496,-0.3545937,0.01677074,-0.1475701,154.6947,329.6577,22.57598,-0.9793865,0.1454763,0.01008529,0.1397755,149.9538,251.9292,79.80879,-0.9999184,-0.002017561,0.01172709,0.004668191
101.68,10.83,4.33,83.15,32.06,-12.56,37.04,2.5,28.35,-32.11,-0.11,-5.21,0.17,154.5584,377.1241,13.90514,0.9191523,-0.3616278,0.02102956,-0.1547332,155.466,328.8665,21.98356,-0.9779246,0.149618,0.02983556,0.1427855,149.9682,251.9535,79.79888,-0.9999162,-0.0019371,0.01184493,0.004869193
101.73,11.15,4.74,83.22,32.04,-12.42,37.03,2.51,28.34,-32.12,-0.13,-5.21,0.17,154.5667,377.0339,13.74063,0.9185135,-0.3635601,0.02093269,-0.1540093,155.4582,328.8116,21.94004,-0.9777703,0.1504607,0.02964314,0.1429973,149.9662,251.9543,79.79633,-0.9999161,-0.00195432,0.01184219,0.00487965
101.45,11.88,5.02,84.22,31.25,-10.45,37.02,2.5,28.34,-32.13,-0.12,-5.22,0.17,154.2582,377.1555,13.7792,0.9189844,-0.3628315,0.02148349,-0.1528378,155.4313,328.9701,21.94706,-0.977676,0.1514676,0.02973662,0.1425583,149.9661,251.9548,79.79505,-0.9999158,-0.001959993,0.01186044,0.00490297
101.26,12.06,4.45,86.17,31.04,-5.31,37.01,2.51,28.35,-32.13,-0.14,-5.21,0.17,151.3574,378.5376,14.84111,0.9250321,-0.3555058,0.01373785,-0.133201,154.1678,330.2538,22.22701,-0.9818798,0.1437981,0.02582938,0.1206944,149.9672,251.9542,79.79661,-0.9999164,-0.001955085,0.01182879,0.004861757
101.82,10.22,4.03,88.87,31.18,1.03,37,2.5,28.34,-32.13,-0.15,-5.22,0.17,144.1857,380.3388,15.04008,0.9291427,-0.3569742,0.004609788,-0.09613569,151.4557,332.6162,21.92402,-0.9870839,0.1388052,0.02214955,0.07686324,149.9686,251.9552,79.79692,-0.9999157,-0.001935436,0.01187433,0.004904035
102.64,7.35,3.9,91.79,31.38,7.69,36.99,2.51,28.33,-32.14,-0.16,-5.21,0.17,138.2933,381.9316,14.98066,0.9356033,-0.3191561,-0.02615688,-0.1486669,147.8417,334.7112,21.95617,-0.9877448,0.1552673,0.009331318,0.01285667,149.9666,251.9544,79.79472,-0.9999158,-0.001924129,0.01187624,0.004873616
103.76,3.8,3.93,94.65,31.69,13.3,36.98,2.51,28.34,-32.14,-0.18,-5.22,0.17,129.2227,382.2105,13.97973,0.9402074,-0.3237438,-0.03896224,-0.0983966,143.8476,336.4358,21.36866,-0.9865691,0.1578482,0.01014252,-0.04077348,149.9665,251.9543,79.79651,-0.9999162,-0.001941554,0.01183872,0.004868831
104.97,-0.05,3.8,96.98,32.94,16.54,36.98,2.5,28.34,-32.15,-0.18,-5.22,0.17,121.6587,381.4327,12.32983,0.9394934,-0.3346723,-0.05087818,-0.05251821,140.5272,337.242,20.74722,-0.9814957,0.1737219,0.02111494,-0.07772505,149.9687,251.9541,79.79677,-0.9999155,-0.001940082,0.0118876,0.004901856
105.3,-2.17,4.7,97.78,34.5,17.36,36.98,2.49,28.34,-32.16,-0.2,-5.21,0.17,117.816,379.9301,10.13743,0.935322,-0.3466043,-0.06638592,-0.02512465,138.9497,337.1861,20.01752,-0.9772376,0.1819728,0.02090152,-0.1070318,149.9545,251.9301,79.81004,-0.9999184,-0.001999424,0.01173354,0.004653828
105.23,-3.04,5.77,98.04,34.31,18.07,36.97,2.5,28.34,-32.16,-0.2,-5.21,0.17,116.7479,378.9617,8.189329,0.9292755,-0.3624531,-0.0701609,-0.01233811,138.6113,336.9125,19.39091,-0.9740095,0.1955975,0.02172546,-0.1121392,149.9542,251.9306,79.81045,-0.9999174,-0.002004175,0.01178819,0.004708199
105.21,-3.5,5.94,98.11,34.4,18.17,36.96,2.49,28.35,-32.16,-0.21,-5.22,0.17,115.9151,378.9307,8.415816,0.9300382,-0.3601308,-0.07248539,-0.008982274,138.1186,337.0019,19.49351,-0.9739166,0.1922824,0.02185292,-0.1184751,149.9562,251.93,79.80909,-0.9999171,-0.001991296,0.01180797,0.004732146
105.23,-3.69,5.75,98.18,34.74,18.16,36.95,2.5,28.35,-32.16,-0.23,-5.22,0.17,115.8357,378.8931,8.350496,0.9299982,-0.3604653,-0.07130045,-0.009191819,138.0791,336.9744,19.43764,-0.9738029,0.1923386,0.02046339,-0.1195619,149.9555,251.9302,79.80906,-0.9999177,-0.002011266,0.0117766,0.004676985
105.71,-3.82,5.71,98.74,37.4,17.72,36.94,2.51,28.34,-32.15,-0.23,-5.22,0.17,116.0715,378.4863,7.44631,0.9266794,-0.368564,-0.07318071,-0.008399884,138.1892,336.7461,19.17773,-0.9724283,0.1996805,0.02210769,-0.1184158,149.9562,251.9295,79.81028,-0.9999176,-0.001992597,0.01177833,0.004710996
105.7,-3.64,7.31,98.66,37.36,17.43,36.93,2.5,28.34,-32.16,-0.24,-5.23,0.17,117.1484,377.4001,4.651458,0.9192992,-0.3852935,-0.07797507,-0.01891564,138.7319,335.9144,18.34257,-0.9685107,0.2209742,0.02635918,-0.1116364,149.9546,251.93,79.81157,-0.9999182,-0.001997067,0.01174023,0.004664353
105.58,-3.86,7.64,98.17,37.09,16.33,36.93,2.5,28.34,-32.16,-0.26,-5.22,0.17,117.5493,377.561,4.844886,0.9193535,-0.3855981,-0.07662464,-0.01523035,138.9548,335.9964,18.40888,-0.9691306,0.2190853,0.02705695,-0.1097985,149.9548,251.9309,79.80974,-0.999918,-0.002007323,0.01175227,0.004694375
104.81,-4.35,7.5,96.14,37.14,12.07,36.92,2.5,28.36,-32.17,-0.27,-5.21,0.17,119.5331,378.1312,5.484327,0.9216173,-0.3788189,-0.07820769,-0.03164628,139.6691,335.9139,18.63516,-0.9705055,0.2183247,0.02535633,-0.09904878,149.9552,251.9308,79.80914,-0.9999182,-0.002007968,0.01174618,0.004657325
103.73,-3.03,7.26,93.22,37.17,5.51,36.92,2.5,28.37,-32.18,-0.28,-5.22,0.17,126.1228,379.2692,6.366775,0.9207544,-0.3761328,-0.06810302,-0.07808717,142.4706,335.3354,19.37664,-0.9751729,0.2109734,0.03011468,-0.06017738,149.9563,251.9306,79.80885,-0.9999182,-0.002016053,0.01173484,0.004665243
103.08,1.81,7.03,92.02,37.21,3.37,36.91,2.51,28.37,-32.18,-0.29,-5.22,0.17,135.5776,379.5624,7.740478,0.9174933,-0.3693214,-0.05714664,-0.136169,146.5771,333.8337,20.30065,-0.9782768,0.2044337,0.03389296,-0.005720523,149.9545,251.9312,79.80952,-0.9999182,-0.002009246,0.01172855,0.004698976
103.01,3.3,6.99,91.95,37.21,3.24,36.91,2.51,28.36,-32.19,-0.29,-5.22,0.17,137.6433,379.46,7.954632,0.9164844,-0.3684888,-0.05291639,-0.1465342,147.3696,333.3398,20.46257,-0.9784164,0.2039765,0.03209718,0.008041309,149.9555,251.931,79.81024,-0.999918,-0.002016817,0.01174189,0.004699156
102.97,3.62,6.99,91.93,37.2,3.19,36.91,2.52,28.35,-32.19,-0.31,-5.21,0.17,137.7612,379.4354,7.964805,0.9157915,-0.3695676,-0.05404406,-0.1477334,147.429,333.3182,20.4128,-0.9786337,0.2032172,0.03047231,0.007091021,149.9547,251.931,79.80719,-0.9999183,-0.002017206,0.01173203,0.004675529
102.95,3.71,6.99,91.91,37.22,3.16,36.91,2.51,28.35,-32.19,-0.31,-5.21,0.15,137.7896,379.4298,7.960521,0.9157725,-0.3696424,-0.05393289,-0.1477042,147.4698,333.3051,20.3748,-0.9786323,0.2032626,0.03021565,0.00709852,149.9579,251.9298,79.80764,-0.9999182,-0.002005394,0.01173613,0.004683376
102.93,3.72,7.01,91.93,34.98,3.33,36.91,2.5,28.36,-32.2,-0.34,-5.21,0.17,137.8123,379.4377,7.95505,0.915979,-0.3691278,-0.05404566,-0.1476689,147.4961,333.2995,20.35431,-0.9783347,0.2046115,0.03039675,0.008458737,149.9675,251.9528,79.79696,-0.9999162,-0.001943588,0.01184418,0.004852897
102.97,3.74,7.02,91.96,29.2,3.68,36.9,2.5,28.36,-32.19,-0.35,-5.22,0.17,137.4771,380.1904,8.85927,0.925408,-0.3464202,-0.05029005,-0.1452028,147.487,333.3043,20.33969,-0.9783924,0.2042789,0.03055165,0.009234287,149.9547,251.9313,79.80848,-0.999918,-0.002013057,0.01174672,0.004686478
102.99,3.7,6.98,92.14,22.9,4.33,36.9,2.5,28.36,-32.2,-0.35,-5.22,0.17,134.7443,380.9535,10.04077,0.9373358,-0.3436972,-0.0337458,-0.04620807,147.4564,333.3113,20.31743,-0.9785088,0.2036244,0.03063449,0.01092656,149.9701,251.9535,79.79515,-0.9999158,-0.001936269,0.01187089,0.004876182
102.94,3.66,6.9,91.97,15.5,4.81,36.88,2.5,28.36,-32.2,-0.35,-5.21,0.17,133.8174,382.9462,12.02595,0.9552575,-0.2908567,-0.04025517,-0.03556997,147.4068,333.3286,20.30474,-0.9786063,0.2031225,0.03026463,0.01245305,149.9558,251.9311,79.80753,-0.9999183,-0.002007611,0.01172652,0.004678553
102.93,3.75,6.9,91.61,10.05,4.97,36.88,2.5,28.38,-32.2,-0.35,-5.22,0.17,133.562,384.5995,14.59609,0.973053,-0.2267057,-0.03509339,-0.02325734,147.3531,333.3472,20.2989,-0.9786939,0.2027172,0.02937344,0.01418986,149.957,251.9298,79.81039,-0.9999177,-0.002015573,0.01176966,0.004686017
102.95,3.79,6.9,91.41,9.71,4.97,36.86,2.5,28.38,-32.21,-0.36,-5.23,0.15,133.1077,385.4338,16.56624,0.9810123,-0.1906388,-0.0270574,-0.02323385,147.3145,333.357,20.32208,-0.9790488,0.2011259,0.02887739,0.01333601,149.9573,251.9305,79.80824,-0.9999179,-0.001993097,0.01175077,0.004720396
102.96,3.78,6.89,91.23,9.54,4.97,36.85,2.5,28.39,-32.2,-0.38,-5.22,0.17,133.1237,385.4612,16.66509,0.9814181,-0.1884515,-0.02732295,-0.02362411,147.3335,333.3508,20.29773,-0.9787152,0.2026169,0.02904514,0.01480819,149.9569,251.9312,79.81036,-0.999918,-0.002003702,0.01175889,0.004670816
102.97,3.78,6.88,91.05,9.43,4.96,36.83,2.5,28.39,-32.21,-0.39,-5.21,0.17,133.63,385.1708,16.68128,0.9816483,-0.1865995,-0.02342134,-0.03160258,147.3131,333.3552,20.32225,-0.979034,0.2011888,0.0289116,0.01340605,149.9677,251.9527,79.79617,-0.9999157,-0.001936167,0.01187057,0.004886676
102.97,3.78,6.87,90.88,9.35,4.97,36.82,2.5,28.38,-32.2,-0.39,-5.21,0.17,133.1328,385.5007,16.78068,0.9819442,-0.1858535,-0.0259453,-0.02389661,147.3148,333.3512,20.32244,-0.9790289,0.2012022,0.02899495,0.01339921,149.9562,251.9311,79.80879,-0.9999182,-0.002015149,0.01174275,0.004670155
102.97,3.77,6.87,90.7,9.3,4.95,36.82,2.5,28.36,-32.21,-0.39,-5.21,0.17,133.1323,385.5213,16.80701,0.9820736,-0.1850913,-0.02661604,-0.02375541,147.3402,333.3489,20.29505,-0.9787188,0.202599,0.0290727,0.01476651,149.9568,251.9322,79.80762,-0.9999182,-0.002015211,0.01173459,0.004683081
102.98,3.77,6.86,90.54,9.24,4.96,36.82,2.5,28.35,-32.21,-0.42,-5.21,0.17,133.1485,385.5124,16.82152,0.982158,-0.1847432,-0.02620699,-0.0234298,147.3384,333.3476,20.29417,-0.9787062,0.2026604,0.02904312,0.01481218,149.9566,251.9298,79.80772,-0.9999175,-0.002012822,0.01177207,0.004725088
102.98,3.73,6.85,90.37,9.2,4.95,36.81,2.51,28.36,-32.22,-0.43,-5.21,0.17,133.1491,385.5189,16.83442,0.9822092,-0.184481,-0.02618334,-0.02337599,147.3399,333.3475,20.29671,-0.9787026,0.2026752,0.02906972,0.01479808,149.9697,251.9547,79.79689,-0.9999155,-0.001944435,0.01188471,0.004892651
102.97,3.68,6.83,90.2,9.17,4.95,36.82,2.5,28.36,-32.22,-0.44,-5.21,0.17,133.1529,385.5192,16.84672,0.9822534,-0.1842474,-0.02612063,-0.02342967,147.3408,333.3447,20.29498,-0.9787076,0.2026435,0.02913128,0.01478068,149.9697,251.9545,79.79552,-0.9999157,-0.001926849,0.01188193,0.004892004
102.96,3.64,6.88,90.14,9.18,4.95,36.81,2.51,28.35,-32.22,-0.43,-5.21,0.17,133.1563,385.5273,16.84976,0.9822787,-0.1840398,-0.02634492,-0.02374724,147.3695,333.3394,20.26909,-0.9783751,0.2041158,0.02917315,0.01637167,149.9573,251.931,79.80827,-0.9999178,-0.002010235,0.01176089,0.004707743
101.5,3.83,8.63,90.22,3.33,4.81,36.82,2.51,28.34,-32.22,-0.44,-5.21,0.17,133.1386,385.6094,17.10815,0.9827119,-0.181482,-0.02902385,-0.02234662,147.3874,333.4186,20.44358,-0.9794934,0.1987592,0.03009157,0.01349683,149.956,251.9326,79.80888,-0.9999187,-0.002035707,0.01170006,0.004655786
100.2,3.8,4.4,90.1,0.62,4.72,36.81,2.52,28.35,-32.23,-0.45,-5.21,0.17,132.6162,387.4515,25.19349,0.9918821,-0.1202092,-0.0347003,-0.02270203,147.2164,335.2627,22.96915,-0.9887477,0.1460646,0.03073291,0.009939379,149.9562,251.9307,79.80779,-0.999918,-0.002016092,0.01174474,0.004684957
100.03,3.76,2.62,90.09,0.57,4.72,36.81,2.51,28.37,-32.22,-0.47,-5.21,0.17,132.3395,387.83,27.93195,0.9940745,-0.1003599,-0.03504126,-0.02271593,147.0959,335.9275,23.79574,-0.9912586,0.1284017,0.02905266,0.008684254,149.957,251.9315,79.80935,-0.9999172,-0.002010894,0.01179458,0.004733304
99.99,3.75,2.24,90.08,0.52,4.72,36.81,2.51,28.37,-32.23,-0.49,-5.19,0.17,132.2961,387.8496,27.98448,0.9941288,-0.09989364,-0.03472248,-0.02288466,147.0968,335.9246,23.91423,-0.9909716,0.1298617,0.03153031,0.01082617,149.9562,251.93,79.8085,-0.9999177,-0.001983715,0.01176255,0.004719234
99.97,3.75,2.15,90.08,0.5,4.71,36.8,2.51,28.37,-32.23,-0.49,-5.2,0.17,132.2897,387.8527,28.03345,0.9941227,-0.1001286,-0.03424718,-0.02283239,147.1289,335.9637,23.84794,-0.9912342,0.1284203,0.02979213,0.008691195,149.9577,251.9337,79.80711,-0.9999179,-0.00200181,0.01175848,0.004692947
99.96,3.75,2.12,90.09,0.45,4.71,36.8,2.51,28.38,-32.23,-0.49,-5.21,0.15,132.3022,387.8562,28.11454,0.9941582,-0.09940928,-0.03505022,-0.02321074,147.1289,335.9653,23.85343,-0.9912491,0.1283104,0.02976346,0.008709141,149.9537,251.931,79.80806,-0.9999183,-0.002034429,0.01172159,0.004687438
99.93,3.74,2.1,90.09,0.42,4.71,36.8,2.5,28.37,-32.23,-0.49,-5.22,0.17,132.3246,387.8658,28.16838,0.9940673,-0.1014783,-0.03243096,-0.02192381,147.1268,335.9681,23.85547,-0.9912513,0.1283047,0.02970885,0.008720874,149.9545,251.9318,79.80779,-0.999918,-0.002003255,0.01173736,0.004714406
99.91,3.75,2.09,90.1,0.39,4.72,36.8,2.49,28.36,-32.23,-0.51,-5.21,0.17,132.3314,387.8806,28.18536,0.9941138,-0.1009649,-0.03281659,-0.02161266,147.1285,335.969,23.85858,-0.9912556,0.1282646,0.02972383,0.008786263,149.9701,251.9554,79.79556,-0.9999157,-0.001941837,0.01188116,0.004869949
99.91,3.75,2.09,90.1,0.37,4.72,36.78,2.49,28.38,-32.24,-0.51,-5.21,0.17,132.345,387.8819,28.19769,0.9941339,-0.1006582,-0.03321956,-0.02149808,147.1299,335.9707,23.85999,-0.9912699,0.12816,0.02970421,0.008753764,149.9695,251.956,79.79549,-0.9999156,-0.001937565,0.01188054,0.004902225
99.92,3.75,2.05,90.11,0.35,4.71,36.79,2.49,28.39,-32.24,-0.52,-5.21,0.17,132.3319,387.9024,28.23537,0.9941995,-0.09961075,-0.03457651,-0.02120042,147.1332,335.953,23.88889,-0.9914869,0.1265869,0.02937747,0.008156802,149.9579,251.9315,79.80865,-0.9999176,-0.002013068,0.01177783,0.004705237
99.94,3.77,2.03,90.12,0.33,4.72,36.78,2.5,28.39,-32.24,-0.52,-5.22,0.17,132.3532,387.9137,28.2603,0.9942244,-0.09920841,-0.03494697,-0.02131767,147.1309,335.9725,23.8643,-0.9912787,0.1280811,0.02973756,0.008805425,149.957,251.9312,79.80938,-0.999918,-0.002007345,0.01175549,0.004679752
99.96,3.76,2.03,90.13,0.31,4.7,36.79,2.49,28.36,-32.24,-0.54,-5.22,0.17,132.3534,387.9145,28.26802,0.994238,-0.09905178,-0.03497154,-0.02137137,147.1507,335.9354,23.92347,-0.9910948,0.1289665,0.03112542,0.01140556,149.9568,251.9309,79.80857,-0.9999175,-0.001987843,0.01177636,0.004737018
99.98,3.76,2.02,90.14,0.3,4.71,36.78,2.51,28.38,-32.24,-0.53,-5.21,0.15,132.3554,387.9158,28.27708,0.9942458,-0.09898097,-0.03493497,-0.02139041,147.1182,335.9559,23.92882,-0.9911084,0.1288772,0.03142842,0.01035223,149.9566,251.9332,79.80777,-0.9999186,-0.00201465,0.01171127,0.004652346
99.99,3.75,2.02,90.16,0.28,4.7,36.77,2.51,28.38,-32.25,-0.56,-5.21,0.17,132.3524,387.9153,28.28417,0.9942538,-0.09889563,-0.03494916,-0.02139336,147.1194,335.9565,23.93016,-0.991105,0.1289003,0.0314419,0.0103512,149.9573,251.9321,79.80863,-0.999918,-0.002017985,0.0117458,0.004683938
100.01,3.76,2.02,90.15,0.27,4.7,36.77,2.52,28.38,-32.25,-0.56,-5.21,0.17,132.3529,387.9178,28.29072,0.9942621,-0.09884986,-0.0349024,-0.02129825,147.1223,335.9387,23.95717,-0.9913272,0.1273065,0.03112786,0.009730455,149.9582,251.9321,79.80971,-0.9999178,-0.002000484,0.01176086,0.004710075
100.03,3.75,2.01,90.16,0.26,4.7,36.76,2.51,28.4,-32.25,-0.56,-5.21,0.17,132.3426,387.9047,28.29632,0.9942991,-0.0981282,-0.03565083,-0.02166263,147.1216,335.9567,23.9317,-0.9911105,0.1288355,0.03151007,0.01041684,149.9694,251.9548,79.79707,-0.9999153,-0.001930384,0.01189756,0.004925926
100.03,3.76,2.04,90.17,0.21,4.7,36.77,2.51,28.37,-32.25,-0.58,-5.21,0.17,132.3407,387.9051,28.29958,0.9943079,-0.09802233,-0.03569092,-0.02167453,147.1201,335.9565,23.93271,-0.9911149,0.1288253,0.03142557,0.01039016,149.9555,251.9313,79.80898,-0.9999185,-0.002027842,0.01171163,0.004669604
100.04,3.76,2.05,90.18,0.17,4.69,36.77,2.5,28.38,-32.26,-0.59,-5.21,0.17,132.3514,387.9184,28.30687,0.994287,-0.0985851,-0.03492314,-0.0213259,147.1211,335.9576,23.93324,-0.9911214,0.1287729,0.03144805,0.01034881,149.9551,251.9317,79.80915,-0.9999184,-0.002031268,0.01172432,0.004665735
100.03,3.76,2.06,90.18,0.13,4.7,36.76,2.52,28.39,-32.27,-0.6,-5.22,0.17,132.3395,387.9054,28.31169,0.9943194,-0.09788211,-0.03569389,-0.02177485,147.1229,335.9394,23.96247,-0.9913292,0.1272779,0.03115121,0.009824617,149.9548,251.9305,79.81012,-0.999918,-0.002020202,0.01174407,0.00469643
